"Date Time, GMT-07:00","Temp, °F","Event, units"
17-06-22 13:25:11.0,80.029,0.00
17-06-22 13:27:27.0,,1.00
17-06-22 13:40:11.0,79.678,
17-06-22 13:55:11.0,79.151,
17-06-22 14:10:11.0,78.975,
17-06-22 14:25:11.0,78.800,
17-06-22 14:40:11.0,78.800,
17-06-22 14:55:11.0,78.800,
17-06-22 15:10:11.0,78.800,
17-06-22 15:25:11.0,78.624,
17-06-22 15:40:11.0,78.624,
17-06-22 15:55:11.0,78.449,
17-06-22 16:10:11.0,78.624,
17-06-22 16:25:11.0,78.800,
17-06-22 16:40:11.0,78.800,
17-06-22 16:55:11.0,78.624,
17-06-22 17:10:11.0,78.449,
17-06-22 17:25:11.0,78.274,
17-06-22 17:40:11.0,78.274,
17-06-22 17:55:11.0,78.274,
17-06-22 18:10:11.0,78.449,
17-06-22 18:25:11.0,78.449,
17-06-22 18:40:11.0,78.274,
17-06-22 18:55:11.0,78.098,
17-06-22 19:10:11.0,77.923,
17-06-22 19:25:11.0,77.749,
17-06-22 19:40:11.0,77.574,
17-06-22 19:55:11.0,77.225,
17-06-22 20:10:11.0,76.528,
17-06-22 20:25:11.0,76.006,
17-06-22 20:40:11.0,75.484,
17-06-22 20:55:11.0,74.964,
17-06-22 21:10:11.0,74.619,
17-06-22 21:25:11.0,74.446,
17-06-22 21:40:11.0,74.098,
17-06-22 21:55:11.0,73.580,
17-06-22 22:10:11.0,73.407,
17-06-22 22:25:11.0,73.234,
17-06-22 22:40:11.0,72.891,
17-06-22 22:55:11.0,72.718,
17-06-22 23:10:11.0,73.234,
17-06-22 23:25:11.0,73.234,
17-06-22 23:40:11.0,73.234,
17-06-22 23:55:11.0,72.891,
17-06-23 00:10:11.0,73.062,
17-06-23 00:25:11.0,72.891,
17-06-23 00:40:11.0,72.891,
17-06-23 00:55:11.0,73.062,
17-06-23 01:10:11.0,73.062,
17-06-23 01:25:11.0,72.718,
17-06-23 01:40:11.0,72.718,
17-06-23 01:55:11.0,72.718,
17-06-23 02:10:11.0,72.718,
17-06-23 02:25:11.0,72.718,
17-06-23 02:40:11.0,72.891,
17-06-23 02:55:11.0,73.062,
17-06-23 03:10:11.0,72.891,
17-06-23 03:25:11.0,72.718,
17-06-23 03:40:11.0,72.545,
17-06-23 03:55:11.0,72.372,
17-06-23 04:10:11.0,72.372,
17-06-23 04:25:11.0,72.545,
17-06-23 04:40:11.0,72.545,
17-06-23 04:55:11.0,72.545,
17-06-23 05:10:11.0,72.372,
17-06-23 05:25:11.0,72.199,
17-06-23 05:40:11.0,72.372,
17-06-23 05:55:11.0,72.891,
17-06-23 06:10:11.0,79.678,
17-06-23 06:25:11.0,82.864,
17-06-23 06:40:11.0,82.152,
17-06-23 06:55:11.0,77.749,
17-06-23 07:10:11.0,75.312,
17-06-23 07:25:11.0,75.832,
17-06-23 07:25:25.0,,2.00
17-06-23 07:29:59.0,,3.00
17-06-23 07:40:11.0,80.735,
17-06-23 07:44:48.0,,4.00
17-06-23 07:46:27.0,,5.00
17-06-23 07:55:11.0,87.552,
17-06-23 08:10:11.0,91.612,
17-06-23 08:25:11.0,91.425,
17-06-23 08:40:11.0,89.017,
17-06-23 08:55:11.0,93.304,
17-06-23 09:10:11.0,96.361,
17-06-23 09:25:11.0,97.331,
17-06-23 09:40:11.0,97.525,
17-06-23 09:55:11.0,99.093,
17-06-23 10:10:11.0,99.885,
17-06-23 10:25:11.0,100.483,
17-06-23 10:40:11.0,102.088,
17-06-23 10:55:11.0,101.887,
17-06-23 11:10:11.0,103.307,
17-06-23 11:25:11.0,103.104,
17-06-23 11:40:11.0,103.923,
17-06-23 11:55:11.0,104.747,
17-06-23 12:10:11.0,105.370,
17-06-23 12:25:11.0,105.786,
17-06-23 12:40:11.0,105.994,
17-06-23 12:55:11.0,107.258,
17-06-23 13:10:11.0,107.258,
17-06-23 13:25:11.0,108.750,
17-06-23 13:40:11.0,108.750,
17-06-23 13:55:11.0,107.895,
17-06-23 14:10:11.0,107.683,
17-06-23 14:25:11.0,109.180,
17-06-23 14:40:11.0,109.180,
17-06-23 14:55:11.0,109.180,
17-06-23 15:10:11.0,109.180,
17-06-23 15:25:11.0,108.750,
17-06-23 15:40:11.0,107.258,
17-06-23 15:55:11.0,107.683,
17-06-23 16:10:11.0,107.470,
17-06-23 16:25:11.0,107.046,
17-06-23 16:40:11.0,107.046,
17-06-23 16:55:11.0,106.624,
17-06-23 17:10:11.0,105.994,
17-06-23 17:25:11.0,106.205,
17-06-23 17:40:11.0,105.370,
17-06-23 17:55:11.0,103.512,
17-06-23 18:10:11.0,102.900,
17-06-23 18:25:11.0,101.887,
17-06-23 18:40:11.0,100.483,
17-06-23 18:55:11.0,98.897,
17-06-23 19:10:11.0,96.942,
17-06-23 19:25:11.0,95.016,
17-06-23 19:40:11.0,92.550,
17-06-23 19:55:11.0,88.650,
17-06-23 20:10:11.0,85.014,
17-06-23 20:25:11.0,83.579,
17-06-23 20:40:11.0,82.152,
17-06-23 20:55:11.0,79.502,
17-06-23 21:10:11.0,78.098,
17-06-23 21:25:11.0,78.800,
17-06-23 21:40:11.0,81.975,
17-06-23 21:55:11.0,81.266,
17-06-23 22:10:11.0,79.853,
17-06-23 22:25:11.0,77.574,
17-06-23 22:40:11.0,76.876,
17-06-23 22:55:11.0,76.876,
17-06-23 23:10:11.0,76.703,
17-06-23 23:25:11.0,76.703,
17-06-23 23:40:11.0,76.006,
17-06-23 23:55:11.0,76.181,
17-06-24 00:10:11.0,76.006,
17-06-24 00:25:11.0,76.876,
17-06-24 00:40:11.0,76.703,
17-06-24 00:55:11.0,76.528,
17-06-24 01:10:11.0,76.006,
17-06-24 01:25:11.0,75.832,
17-06-24 01:40:11.0,75.659,
17-06-24 01:55:11.0,74.619,
17-06-24 02:10:11.0,74.098,
17-06-24 02:25:11.0,73.753,
17-06-24 02:40:11.0,73.580,
17-06-24 02:55:11.0,75.659,
17-06-24 03:10:11.0,78.449,
17-06-24 03:25:11.0,78.274,
17-06-24 03:40:11.0,76.703,
17-06-24 03:55:11.0,79.151,
17-06-24 04:10:11.0,78.274,
17-06-24 04:25:11.0,78.624,
17-06-24 04:40:11.0,77.923,
17-06-24 04:55:11.0,78.274,
17-06-24 05:10:11.0,77.574,
17-06-24 05:25:11.0,77.050,
17-06-24 05:40:11.0,78.274,
17-06-24 05:55:11.0,79.326,
17-06-24 06:10:11.0,79.502,
17-06-24 06:25:11.0,78.098,
17-06-24 06:40:11.0,78.449,
17-06-24 06:55:11.0,85.014,
17-06-24 07:10:11.0,91.053,
17-06-24 07:25:11.0,93.493,
17-06-24 07:40:11.0,94.253,
17-06-24 07:55:11.0,95.400,
17-06-24 08:10:11.0,95.976,
17-06-24 08:25:11.0,97.331,
17-06-24 08:40:11.0,98.110,
17-06-24 08:55:11.0,98.503,
17-06-24 09:10:11.0,100.283,
17-06-24 09:25:11.0,101.484,
17-06-24 09:40:11.0,102.493,
17-06-24 09:55:11.0,103.717,
17-06-24 10:10:11.0,104.333,
17-06-24 10:25:11.0,105.370,
17-06-24 10:40:11.0,105.370,
17-06-24 10:55:11.0,106.205,
17-06-24 11:10:11.0,107.470,
17-06-24 11:25:11.0,108.536,
17-06-24 11:40:11.0,108.322,
17-06-24 11:55:11.0,109.180,
17-06-24 12:10:11.0,109.612,
17-06-24 12:25:11.0,110.482,
17-06-24 12:40:11.0,110.701,
17-06-24 12:55:11.0,110.482,
17-06-24 13:10:11.0,112.023,
17-06-24 13:25:11.0,111.139,
17-06-24 13:40:11.0,110.264,
17-06-24 13:55:11.0,110.919,
17-06-24 14:10:11.0,111.801,
17-06-24 14:25:11.0,111.580,
17-06-24 14:40:11.0,112.023,
17-06-24 14:55:11.0,112.023,
17-06-24 15:10:11.0,111.801,
17-06-24 15:25:11.0,112.244,
17-06-24 15:40:11.0,111.801,
17-06-24 15:55:11.0,111.801,
17-06-24 16:10:11.0,111.139,
17-06-24 16:25:11.0,110.701,
17-06-24 16:40:11.0,110.919,
17-06-24 16:55:11.0,110.046,
17-06-24 17:10:11.0,108.964,
17-06-24 17:25:11.0,108.536,
17-06-24 17:40:11.0,107.683,
17-06-24 17:55:11.0,106.414,
17-06-24 18:10:11.0,105.994,
17-06-24 18:25:11.0,104.540,
17-06-24 18:40:11.0,102.900,
17-06-24 18:55:11.0,101.282,
17-06-24 19:10:11.0,99.687,
17-06-24 19:25:11.0,97.525,
17-06-24 19:40:11.0,93.115,
17-06-24 19:55:11.0,86.459,
17-06-24 20:10:11.0,82.686,
17-06-24 20:25:11.0,81.266,
17-06-24 20:40:11.0,84.295,
17-06-24 20:55:11.0,89.755,
17-06-24 21:10:11.0,90.680,
17-06-24 21:25:11.0,91.240,
17-06-24 21:40:11.0,91.425,
17-06-24 21:55:11.0,91.612,
17-06-24 22:10:11.0,90.124,
17-06-24 22:25:11.0,91.425,
17-06-24 22:40:11.0,91.053,
17-06-24 22:55:11.0,90.309,
17-06-24 23:10:11.0,89.569,
17-06-24 23:25:11.0,87.186,
17-06-24 23:40:11.0,85.735,
17-06-24 23:55:11.0,87.915,
17-06-25 00:10:11.0,87.368,
17-06-25 00:25:11.0,87.368,
17-06-25 00:40:11.0,87.733,
17-06-25 00:55:11.0,88.650,
17-06-25 01:10:11.0,86.459,
17-06-25 01:25:11.0,85.915,
17-06-25 01:40:11.0,86.097,
17-06-25 01:55:11.0,85.194,
17-06-25 02:10:11.0,84.295,
17-06-25 02:25:11.0,83.935,
17-06-25 02:40:11.0,83.221,
17-06-25 02:55:11.0,83.757,
17-06-25 03:10:11.0,84.295,
17-06-25 03:25:11.0,84.654,
17-06-25 03:40:11.0,85.194,
17-06-25 03:55:11.0,85.014,
17-06-25 04:10:11.0,82.686,
17-06-25 04:25:11.0,81.266,
17-06-25 04:40:11.0,81.621,
17-06-25 04:55:11.0,82.686,
17-06-25 05:10:11.0,83.579,
17-06-25 05:25:11.0,83.935,
17-06-25 05:40:11.0,84.474,
17-06-25 05:55:11.0,84.115,
17-06-25 06:10:11.0,82.330,
17-06-25 06:25:11.0,81.797,
17-06-25 06:40:11.0,81.621,
17-06-25 06:55:11.0,81.797,
17-06-25 07:10:11.0,83.579,
17-06-25 07:25:11.0,85.554,
17-06-25 07:40:11.0,86.459,
17-06-25 07:55:11.0,87.733,
17-06-25 08:10:11.0,92.550,
17-06-25 08:25:11.0,95.400,
17-06-25 08:40:11.0,98.307,
17-06-25 08:55:11.0,99.489,
17-06-25 09:10:11.0,100.882,
17-06-25 09:25:11.0,100.882,
17-06-25 09:40:11.0,101.685,
17-06-25 09:55:11.0,101.685,
17-06-25 10:10:11.0,101.887,
17-06-25 10:25:11.0,103.717,
17-06-25 10:40:11.0,103.923,
17-06-25 10:55:11.0,104.540,
17-06-25 11:10:11.0,105.161,
17-06-25 11:25:11.0,105.577,
17-06-25 11:40:11.0,107.258,
17-06-25 11:55:11.0,106.205,
17-06-25 12:10:11.0,107.683,
17-06-25 12:25:11.0,107.895,
17-06-25 12:40:11.0,108.536,
17-06-25 12:55:11.0,109.180,
17-06-25 13:10:11.0,110.264,
17-06-25 13:25:11.0,110.046,
17-06-25 13:40:11.0,109.396,
17-06-25 13:55:11.0,110.264,
17-06-25 14:10:11.0,105.994,
17-06-25 14:25:11.0,102.088,
17-06-25 14:40:11.0,101.685,
17-06-25 14:55:11.0,102.900,
17-06-25 15:10:11.0,105.370,
17-06-25 15:25:11.0,108.964,
17-06-25 15:40:11.0,108.322,
17-06-25 15:55:11.0,108.536,
17-06-25 16:10:11.0,106.835,
17-06-25 16:25:11.0,105.786,
17-06-25 16:40:11.0,107.470,
17-06-25 16:55:11.0,104.540,
17-06-25 17:10:11.0,101.484,
17-06-25 17:25:11.0,97.720,
17-06-25 17:40:11.0,96.555,
17-06-25 17:55:11.0,95.590,
17-06-25 18:10:11.0,94.253,
17-06-25 18:25:11.0,93.115,
17-06-25 18:40:11.0,93.682,
17-06-25 18:55:11.0,92.737,
17-06-25 19:10:11.0,91.240,
17-06-25 19:17:01.0,,6.00
17-06-25 19:18:22.0,,7.00
17-06-25 19:19:21.0,,8.00
17-06-25 19:25:11.0,80.206,
17-06-25 19:40:11.0,78.800,
17-06-25 19:55:11.0,84.295,
17-06-25 20:10:11.0,87.368,
17-06-25 20:25:11.0,87.186,
17-06-25 20:40:11.0,85.915,
17-06-25 20:55:11.0,86.641,
17-06-25 21:10:11.0,88.099,
17-06-25 21:25:11.0,88.282,
17-06-25 21:40:11.0,87.733,
17-06-25 21:55:11.0,86.823,
17-06-25 22:10:11.0,85.014,
17-06-25 22:25:11.0,82.686,
17-06-25 22:40:11.0,80.382,
17-06-25 22:55:11.0,77.400,
17-06-25 23:10:11.0,75.832,
17-06-25 23:25:11.0,73.926,
17-06-25 23:40:11.0,73.407,
17-06-25 23:55:11.0,74.791,
17-06-26 00:10:11.0,81.442,
17-06-26 00:25:11.0,81.797,
17-06-26 00:40:11.0,81.797,
17-06-26 00:55:11.0,80.911,
17-06-26 01:10:11.0,81.442,
17-06-26 01:25:11.0,81.621,
17-06-26 01:40:11.0,81.090,
17-06-26 01:55:11.0,81.090,
17-06-26 02:10:11.0,80.206,
17-06-26 02:25:11.0,79.678,
17-06-26 02:40:11.0,80.029,
17-06-26 02:55:11.0,79.678,
17-06-26 03:10:11.0,79.151,
17-06-26 03:25:11.0,77.923,
17-06-26 03:40:11.0,76.006,
17-06-26 03:55:11.0,75.659,
17-06-26 04:10:11.0,73.580,
17-06-26 04:25:11.0,71.168,
17-06-26 04:40:11.0,69.622,
17-06-26 04:55:11.0,69.278,
17-06-26 05:10:11.0,68.421,
17-06-26 05:25:11.0,67.906,
17-06-26 05:40:11.0,68.248,
17-06-26 05:55:11.0,70.480,
17-06-26 06:10:11.0,76.876,
17-06-26 06:25:11.0,79.326,
17-06-26 06:40:11.0,81.975,
17-06-26 06:55:11.0,84.115,
17-06-26 07:10:11.0,86.641,
17-06-26 07:25:11.0,88.466,
17-06-26 07:40:11.0,90.680,
17-06-26 07:55:11.0,90.495,
17-06-26 08:10:11.0,91.425,
17-06-26 08:25:11.0,91.800,
17-06-26 08:40:11.0,92.737,
17-06-26 08:55:11.0,92.926,
17-06-26 09:10:11.0,93.682,
17-06-26 09:25:11.0,94.062,
17-06-26 09:40:11.0,95.016,
17-06-26 09:55:11.0,96.168,
17-06-26 10:10:11.0,96.361,
17-06-26 10:25:11.0,97.916,
17-06-26 10:40:11.0,98.897,
17-06-26 10:55:11.0,99.093,
17-06-26 11:10:11.0,100.283,
17-06-26 11:25:11.0,100.083,
17-06-26 11:40:11.0,101.685,
17-06-26 11:55:11.0,101.282,
17-06-26 12:10:11.0,101.484,
17-06-26 12:25:11.0,102.697,
17-06-26 12:40:11.0,102.493,
17-06-26 12:55:11.0,103.307,
17-06-26 13:10:11.0,103.717,
17-06-26 13:25:11.0,104.333,
17-06-26 13:40:11.0,105.577,
17-06-26 13:55:11.0,105.161,
17-06-26 14:10:11.0,105.786,
17-06-26 14:25:11.0,105.577,
17-06-26 14:40:11.0,105.994,
17-06-26 14:55:11.0,105.994,
17-06-26 15:10:11.0,105.577,
17-06-26 15:25:11.0,105.370,
17-06-26 15:40:11.0,105.577,
17-06-26 15:55:11.0,104.954,
17-06-26 16:10:11.0,104.954,
17-06-26 16:25:11.0,101.887,
17-06-26 16:40:11.0,103.923,
17-06-26 16:55:11.0,103.923,
17-06-26 17:10:11.0,103.307,
17-06-26 17:25:11.0,102.493,
17-06-26 17:40:11.0,101.887,
17-06-26 17:55:11.0,101.082,
17-06-26 18:10:11.0,100.083,
17-06-26 18:25:11.0,99.687,
17-06-26 18:40:11.0,98.307,
17-06-26 18:55:11.0,96.555,
17-06-26 19:10:11.0,95.016,
17-06-26 19:25:11.0,91.053,
17-06-26 19:40:11.0,89.569,
17-06-26 19:55:11.0,89.755,
17-06-26 20:10:11.0,88.282,
17-06-26 20:25:11.0,86.823,
17-06-26 20:40:11.0,84.295,
17-06-26 20:55:11.0,82.152,
17-06-26 21:10:11.0,80.559,
17-06-26 21:25:11.0,82.864,
17-06-26 21:40:11.0,85.374,
17-06-26 21:55:11.0,85.554,
17-06-26 22:10:11.0,84.654,
17-06-26 22:25:11.0,83.221,
17-06-26 22:40:11.0,81.975,
17-06-26 22:55:11.0,78.274,
17-06-26 23:10:11.0,76.181,
17-06-26 23:25:11.0,74.271,
17-06-26 23:40:11.0,73.753,
17-06-26 23:55:11.0,73.407,
17-06-27 00:10:11.0,73.062,
17-06-27 00:25:11.0,72.718,
17-06-27 00:40:11.0,72.545,
17-06-27 00:55:11.0,73.407,
17-06-27 01:10:11.0,72.545,
17-06-27 01:25:11.0,72.545,
17-06-27 01:40:11.0,71.512,
17-06-27 01:55:11.0,71.856,
17-06-27 02:10:11.0,71.856,
17-06-27 02:25:11.0,71.683,
17-06-27 02:40:11.0,71.168,
17-06-27 02:55:11.0,71.683,
17-06-27 03:10:11.0,71.683,
17-06-27 03:25:11.0,71.683,
17-06-27 03:40:11.0,71.683,
17-06-27 03:55:11.0,71.512,
17-06-27 04:10:11.0,71.168,
17-06-27 04:25:11.0,70.824,
17-06-27 04:40:11.0,69.964,
17-06-27 04:55:11.0,69.107,
17-06-27 05:10:11.0,67.735,
17-06-27 05:25:11.0,71.168,
17-06-27 05:40:11.0,74.964,
17-06-27 05:55:11.0,77.923,
17-06-27 06:10:11.0,79.151,
17-06-27 06:25:11.0,81.266,
17-06-27 06:40:11.0,83.579,
17-06-27 06:55:11.0,85.554,
17-06-27 07:10:11.0,87.186,
17-06-27 07:25:11.0,88.650,
17-06-27 07:40:11.0,89.938,
17-06-27 07:55:11.0,91.053,
17-06-27 08:10:11.0,92.363,
17-06-27 08:25:11.0,94.062,
17-06-27 08:40:11.0,94.633,
17-06-27 08:55:11.0,95.400,
17-06-27 09:10:11.0,96.168,
17-06-27 09:25:11.0,96.942,
17-06-27 09:40:11.0,97.137,
17-06-27 09:55:11.0,98.503,
17-06-27 10:10:11.0,99.093,
17-06-27 10:25:11.0,99.687,
17-06-27 10:40:11.0,100.083,
17-06-27 10:55:11.0,100.483,
17-06-27 11:10:11.0,101.282,
17-06-27 11:25:11.0,102.088,
17-06-27 11:40:11.0,102.697,
17-06-27 11:55:11.0,102.900,
17-06-27 12:10:11.0,103.307,
17-06-27 12:25:11.0,104.747,
17-06-27 12:40:11.0,104.747,
17-06-27 12:55:11.0,105.370,
17-06-27 13:10:11.0,105.161,
17-06-27 13:25:11.0,104.540,
17-06-27 13:40:11.0,105.786,
17-06-27 13:55:11.0,106.205,
17-06-27 14:10:11.0,106.835,
17-06-27 14:25:11.0,106.205,
17-06-27 14:40:11.0,107.258,
17-06-27 14:55:11.0,106.835,
17-06-27 15:10:11.0,105.994,
17-06-27 15:25:11.0,105.994,
17-06-27 15:40:11.0,105.577,
17-06-27 15:55:11.0,105.577,
17-06-27 16:10:11.0,103.512,
17-06-27 16:25:11.0,104.333,
17-06-27 16:40:11.0,103.104,
17-06-27 16:55:11.0,102.900,
17-06-27 17:10:11.0,102.493,
17-06-27 17:25:11.0,101.887,
17-06-27 17:40:11.0,100.483,
17-06-27 17:55:11.0,99.687,
17-06-27 18:10:11.0,98.699,
17-06-27 18:25:11.0,97.720,
17-06-27 18:40:11.0,96.555,
17-06-27 18:55:11.0,95.207,
17-06-27 19:10:11.0,93.682,
17-06-27 19:25:11.0,91.987,
17-06-27 19:40:11.0,89.755,
17-06-27 19:55:11.0,88.099,
17-06-27 20:10:11.0,85.735,
17-06-27 20:25:11.0,83.579,
17-06-27 20:40:11.0,83.399,
17-06-27 20:55:11.0,84.474,
17-06-27 21:10:11.0,85.194,
17-06-27 21:25:11.0,84.295,
17-06-27 21:40:11.0,85.374,
17-06-27 21:55:11.0,84.834,
17-06-27 22:10:11.0,84.295,
17-06-27 22:25:11.0,85.014,
17-06-27 22:40:11.0,83.935,
17-06-27 22:55:11.0,83.399,
17-06-27 23:10:11.0,83.399,
17-06-27 23:25:11.0,82.152,
17-06-27 23:40:11.0,80.206,
17-06-27 23:55:11.0,78.800,
17-06-28 00:10:11.0,78.624,
17-06-28 00:25:11.0,79.151,
17-06-28 00:40:11.0,78.975,
17-06-28 00:55:11.0,79.853,
17-06-28 01:10:11.0,80.029,
17-06-28 01:25:11.0,80.382,
17-06-28 01:40:11.0,79.678,
17-06-28 01:55:11.0,79.326,
17-06-28 02:10:11.0,78.449,
17-06-28 02:25:11.0,80.382,
17-06-28 02:40:11.0,82.152,
17-06-28 02:55:11.0,82.152,
17-06-28 03:10:11.0,81.621,
17-06-28 03:25:11.0,80.559,
17-06-28 03:40:11.0,79.853,
17-06-28 03:55:11.0,78.975,
17-06-28 04:10:11.0,79.853,
17-06-28 04:25:11.0,77.923,
17-06-28 04:40:11.0,78.624,
17-06-28 04:55:11.0,78.274,
17-06-28 05:10:11.0,75.832,
17-06-28 05:25:11.0,74.791,
17-06-28 05:40:11.0,72.545,
17-06-28 05:55:11.0,70.995,
17-06-28 06:10:11.0,72.545,
17-06-28 06:25:11.0,76.528,
17-06-28 06:40:11.0,80.206,
17-06-28 06:55:11.0,84.115,
17-06-28 07:10:11.0,86.823,
17-06-28 07:25:11.0,88.466,
17-06-28 07:40:11.0,89.938,
17-06-28 07:55:11.0,89.569,
17-06-28 08:10:11.0,89.938,
17-06-28 08:25:11.0,91.425,
17-06-28 08:40:11.0,91.800,
17-06-28 08:55:11.0,94.062,
17-06-28 09:10:11.0,95.016,
17-06-28 09:25:11.0,95.590,
17-06-28 09:40:11.0,96.942,
17-06-28 09:55:11.0,97.720,
17-06-28 10:10:11.0,97.916,
17-06-28 10:25:11.0,97.916,
17-06-28 10:40:11.0,98.897,
17-06-28 10:55:11.0,98.307,
17-06-28 11:10:11.0,99.093,
17-06-28 11:25:11.0,100.683,
17-06-28 11:40:11.0,100.483,
17-06-28 11:55:11.0,101.484,
17-06-28 12:10:11.0,102.493,
17-06-28 12:25:11.0,102.697,
17-06-28 12:40:11.0,102.493,
17-06-28 12:55:11.0,103.512,
17-06-28 13:10:11.0,103.512,
17-06-28 13:25:11.0,104.128,
17-06-28 13:40:11.0,102.900,
17-06-28 13:55:11.0,103.307,
17-06-28 14:10:11.0,103.717,
17-06-28 14:25:11.0,103.307,
17-06-28 14:40:11.0,103.717,
17-06-28 14:55:11.0,103.717,
17-06-28 15:10:11.0,103.717,
17-06-28 15:25:11.0,103.512,
17-06-28 15:40:11.0,103.104,
17-06-28 15:55:11.0,103.307,
17-06-28 16:10:11.0,102.493,
17-06-28 16:25:11.0,102.088,
17-06-28 16:40:11.0,101.887,
17-06-28 16:55:11.0,101.082,
17-06-28 17:10:11.0,100.483,
17-06-28 17:25:11.0,99.687,
17-06-28 17:40:11.0,98.503,
17-06-28 17:55:11.0,97.720,
17-06-28 18:10:11.0,97.137,
17-06-28 18:25:11.0,95.976,
17-06-28 18:40:11.0,95.207,
17-06-28 18:55:11.0,93.873,
17-06-28 19:10:11.0,92.174,
17-06-28 19:25:11.0,90.680,
17-06-28 19:40:11.0,89.755,
17-06-28 19:55:11.0,88.650,
17-06-28 20:10:11.0,88.466,
17-06-28 20:25:11.0,87.186,
17-06-28 20:40:11.0,86.823,
17-06-28 20:55:11.0,86.823,
17-06-28 21:10:11.0,86.277,
17-06-28 21:25:11.0,85.915,
17-06-28 21:40:11.0,84.654,
17-06-28 21:55:11.0,84.474,
17-06-28 22:10:11.0,84.295,
17-06-28 22:25:11.0,84.115,
17-06-28 22:40:11.0,83.399,
17-06-28 22:55:11.0,82.508,
17-06-28 23:10:11.0,81.975,
17-06-28 23:25:11.0,82.686,
17-06-28 23:40:11.0,82.864,
17-06-28 23:55:11.0,82.330,
17-06-29 00:10:11.0,82.864,
17-06-29 00:25:11.0,82.330,
17-06-29 00:40:11.0,81.975,
17-06-29 00:55:11.0,81.797,
17-06-29 01:10:11.0,81.090,
17-06-29 01:25:11.0,81.442,
17-06-29 01:40:11.0,81.266,
17-06-29 01:55:11.0,79.853,
17-06-29 02:10:11.0,77.225,
17-06-29 02:25:11.0,74.271,
17-06-29 02:40:11.0,69.622,
17-06-29 02:55:11.0,67.564,
17-06-29 03:10:11.0,67.735,
17-06-29 03:25:11.0,67.050,
17-06-29 03:40:11.0,65.680,
17-06-29 03:55:11.0,65.851,
17-06-29 04:10:11.0,66.193,
17-06-29 04:25:11.0,66.366,
17-06-29 04:40:11.0,64.996,
17-06-29 04:55:11.0,63.455,
17-06-29 05:10:11.0,62.769,
17-06-29 05:25:11.0,66.366,
17-06-29 05:40:11.0,69.107,
17-06-29 05:55:11.0,68.763,
17-06-29 06:10:11.0,71.683,
17-06-29 06:25:11.0,75.484,
17-06-29 06:40:11.0,80.559,
17-06-29 06:55:11.0,83.757,
17-06-29 07:10:11.0,85.735,
17-06-29 07:25:11.0,87.368,
17-06-29 07:40:11.0,87.915,
17-06-29 07:55:11.0,89.017,
17-06-29 08:10:11.0,89.569,
17-06-29 08:25:11.0,89.755,
17-06-29 08:40:11.0,90.867,
17-06-29 08:55:11.0,92.363,
17-06-29 09:10:11.0,93.682,
17-06-29 09:25:11.0,95.590,
17-06-29 09:40:11.0,96.361,
17-06-29 09:55:11.0,97.331,
17-06-29 10:10:11.0,97.331,
17-06-29 10:25:11.0,98.307,
17-06-29 10:40:11.0,98.110,
17-06-29 10:55:11.0,99.291,
17-06-29 11:10:11.0,99.291,
17-06-29 11:25:11.0,99.687,
17-06-29 11:40:11.0,99.885,
17-06-29 11:55:11.0,101.082,
17-06-29 12:10:11.0,101.082,
17-06-29 12:25:11.0,101.685,
17-06-29 12:40:11.0,102.290,
17-06-29 12:55:11.0,101.685,
17-06-29 13:10:11.0,102.290,
17-06-29 13:25:11.0,103.307,
17-06-29 13:40:11.0,102.697,
17-06-29 13:55:11.0,103.717,
17-06-29 14:10:11.0,102.697,
17-06-29 14:25:11.0,102.900,
17-06-29 14:40:11.0,103.104,
17-06-29 14:55:11.0,102.290,
17-06-29 15:10:11.0,103.307,
17-06-29 15:25:11.0,103.104,
17-06-29 15:40:11.0,102.900,
17-06-29 15:55:11.0,101.685,
17-06-29 16:10:11.0,101.282,
17-06-29 16:25:11.0,101.685,
17-06-29 16:40:11.0,101.685,
17-06-29 16:55:11.0,100.882,
17-06-29 17:10:11.0,100.483,
17-06-29 17:25:11.0,99.489,
17-06-29 17:40:11.0,98.699,
17-06-29 17:55:11.0,97.331,
17-06-29 18:10:11.0,96.168,
17-06-29 18:25:11.0,95.016,
17-06-29 18:40:11.0,93.873,
17-06-29 18:55:11.0,92.363,
17-06-29 19:10:11.0,90.680,
17-06-29 19:25:11.0,88.833,
17-06-29 19:40:11.0,87.552,
17-06-29 19:55:11.0,86.459,
17-06-29 20:10:11.0,85.374,
17-06-29 20:25:11.0,84.115,
17-06-29 20:40:11.0,82.864,
17-06-29 20:55:11.0,81.621,
17-06-29 21:10:11.0,81.975,
17-06-29 21:25:11.0,81.621,
17-06-29 21:40:11.0,81.797,
17-06-29 21:55:11.0,79.678,
17-06-29 22:10:11.0,78.800,
17-06-29 22:25:11.0,77.050,
17-06-29 22:40:11.0,70.651,
17-06-29 22:55:11.0,66.537,
17-06-29 23:10:11.0,65.851,
17-06-29 23:25:11.0,66.022,
17-06-29 23:40:11.0,68.248,
17-06-29 23:55:11.0,68.934,
17-06-30 00:10:11.0,69.107,
17-06-30 00:25:11.0,70.308,
17-06-30 00:40:11.0,69.107,
17-06-30 00:55:11.0,66.708,
17-06-30 01:10:11.0,66.193,
17-06-30 01:25:11.0,68.934,
17-06-30 01:40:11.0,68.077,
17-06-30 01:55:11.0,67.564,
17-06-30 02:10:11.0,65.680,
17-06-30 02:25:11.0,67.564,
17-06-30 02:40:11.0,64.310,
17-06-30 02:55:11.0,61.912,
17-06-30 03:10:11.0,61.398,
17-06-30 03:25:11.0,60.368,
17-06-30 03:40:11.0,61.054,
17-06-30 03:55:11.0,61.227,
17-06-30 04:10:11.0,58.647,
17-06-30 04:25:11.0,60.883,
17-06-30 04:40:11.0,63.626,
17-06-30 04:55:11.0,64.139,
17-06-30 05:10:11.0,63.111,
17-06-30 05:25:11.0,62.254,
17-06-30 05:40:11.0,61.054,
17-06-30 05:55:11.0,61.398,
17-06-30 06:10:11.0,66.708,
17-06-30 06:25:11.0,72.028,
17-06-30 06:40:11.0,77.923,
17-06-30 06:55:11.0,82.152,
17-06-30 07:10:11.0,84.834,
17-06-30 07:25:11.0,86.641,
17-06-30 07:40:11.0,86.641,
17-06-30 07:55:11.0,87.004,
17-06-30 08:10:11.0,87.733,
17-06-30 08:25:11.0,89.017,
17-06-30 08:40:11.0,90.124,
17-06-30 08:55:11.0,90.867,
17-06-30 09:10:11.0,92.174,
17-06-30 09:25:11.0,92.926,
17-06-30 09:40:11.0,93.682,
17-06-30 09:55:11.0,95.016,
17-06-30 10:10:11.0,95.400,
17-06-30 10:25:11.0,96.361,
17-06-30 10:40:11.0,97.331,
17-06-30 10:55:11.0,98.307,
17-06-30 11:10:11.0,100.083,
17-06-30 11:25:11.0,100.283,
17-06-30 11:40:11.0,101.082,
17-06-30 11:55:11.0,102.697,
17-06-30 12:10:11.0,103.923,
17-06-30 12:25:11.0,104.128,
17-06-30 12:40:11.0,104.128,
17-06-30 12:55:11.0,104.540,
17-06-30 13:10:11.0,105.994,
17-06-30 13:25:11.0,104.954,
17-06-30 13:40:11.0,104.333,
17-06-30 13:55:11.0,104.540,
17-06-30 14:10:11.0,105.370,
17-06-30 14:25:11.0,105.161,
17-06-30 14:40:11.0,105.786,
17-06-30 14:55:11.0,104.954,
17-06-30 15:10:11.0,104.333,
17-06-30 15:25:11.0,104.954,
17-06-30 15:40:11.0,103.923,
17-06-30 15:55:11.0,104.128,
17-06-30 16:10:11.0,103.307,
17-06-30 16:25:11.0,102.900,
17-06-30 16:40:11.0,103.104,
17-06-30 16:55:11.0,103.104,
17-06-30 17:10:11.0,102.697,
17-06-30 17:25:11.0,101.484,
17-06-30 17:40:11.0,101.282,
17-06-30 17:55:11.0,99.885,
17-06-30 18:10:11.0,99.291,
17-06-30 18:25:11.0,97.525,
17-06-30 18:40:11.0,96.168,
17-06-30 18:55:11.0,94.444,
17-06-30 19:10:11.0,92.174,
17-06-30 19:25:11.0,89.569,
17-06-30 19:40:11.0,86.459,
17-06-30 19:55:11.0,83.043,
17-06-30 20:10:11.0,83.399,
17-06-30 20:25:11.0,82.330,
17-06-30 20:40:11.0,81.797,
17-06-30 20:55:11.0,81.797,
17-06-30 21:10:11.0,81.090,
17-06-30 21:25:11.0,77.400,
17-06-30 21:40:11.0,72.891,
17-06-30 21:55:11.0,70.651,
17-06-30 22:10:11.0,68.077,
17-06-30 22:25:11.0,67.906,
17-06-30 22:40:11.0,68.592,
17-06-30 22:55:11.0,69.107,
17-06-30 23:10:11.0,67.906,
17-06-30 23:25:11.0,65.851,
17-06-30 23:40:11.0,70.824,
17-06-30 23:55:11.0,71.339,
17-07-01 00:10:11.0,69.622,
17-07-01 00:25:11.0,70.651,
17-07-01 00:40:11.0,73.580,
17-07-01 00:55:11.0,72.545,
17-07-01 01:10:11.0,72.718,
17-07-01 01:25:11.0,72.718,
17-07-01 01:40:11.0,72.718,
17-07-01 01:55:11.0,71.339,
17-07-01 02:10:11.0,67.906,
17-07-01 02:25:11.0,68.077,
17-07-01 02:40:11.0,66.366,
17-07-01 02:55:11.0,65.851,
17-07-01 03:10:11.0,66.879,
17-07-01 03:25:11.0,68.421,
17-07-01 03:40:11.0,69.964,
17-07-01 03:55:11.0,72.372,
17-07-01 04:10:11.0,72.545,
17-07-01 04:25:11.0,72.372,
17-07-01 04:40:11.0,70.480,
17-07-01 04:55:11.0,68.077,
17-07-01 05:10:11.0,70.308,
17-07-01 05:25:11.0,72.718,
17-07-01 05:40:11.0,72.372,
17-07-01 05:55:11.0,72.718,
17-07-01 06:10:11.0,74.791,
17-07-01 06:25:11.0,76.876,
17-07-01 06:40:11.0,81.090,
17-07-01 06:55:11.0,83.579,
17-07-01 07:10:11.0,87.368,
17-07-01 07:25:11.0,90.124,
17-07-01 07:40:11.0,91.612,
17-07-01 07:55:11.0,92.363,
17-07-01 08:10:11.0,93.115,
17-07-01 08:25:11.0,94.253,
17-07-01 08:40:11.0,95.207,
17-07-01 08:55:11.0,95.590,
17-07-01 09:10:11.0,96.361,
17-07-01 09:25:11.0,97.137,
17-07-01 09:40:11.0,98.110,
17-07-01 09:55:11.0,98.699,
17-07-01 10:10:11.0,98.897,
17-07-01 10:25:11.0,100.283,
17-07-01 10:40:11.0,101.685,
17-07-01 10:55:11.0,103.307,
17-07-01 11:10:11.0,104.333,
17-07-01 11:25:11.0,104.954,
17-07-01 11:40:11.0,105.161,
17-07-01 11:55:11.0,105.577,
17-07-01 12:10:11.0,105.994,
17-07-01 12:25:11.0,107.046,
17-07-01 12:40:11.0,107.470,
17-07-01 12:55:11.0,106.205,
17-07-01 13:10:11.0,107.683,
17-07-01 13:25:11.0,106.624,
17-07-01 13:40:11.0,107.470,
17-07-01 13:55:11.0,106.835,
17-07-01 14:10:11.0,107.258,
17-07-01 14:25:11.0,105.994,
17-07-01 14:40:11.0,106.624,
17-07-01 14:55:11.0,106.835,
17-07-01 15:10:11.0,105.994,
17-07-01 15:25:11.0,107.046,
17-07-01 15:40:11.0,106.414,
17-07-01 15:55:11.0,106.835,
17-07-01 16:10:11.0,105.786,
17-07-01 16:25:11.0,105.370,
17-07-01 16:40:11.0,104.747,
17-07-01 16:55:11.0,104.128,
17-07-01 17:10:11.0,102.900,
17-07-01 17:25:11.0,101.887,
17-07-01 17:40:11.0,101.685,
17-07-01 17:55:11.0,100.483,
17-07-01 18:10:11.0,99.291,
17-07-01 18:25:11.0,98.307,
17-07-01 18:40:11.0,97.137,
17-07-01 18:55:11.0,95.783,
17-07-01 19:10:11.0,94.062,
17-07-01 19:25:11.0,91.800,
17-07-01 19:40:11.0,89.938,
17-07-01 19:55:11.0,87.915,
17-07-01 20:10:11.0,83.935,
17-07-01 20:25:11.0,81.090,
17-07-01 20:40:11.0,81.621,
17-07-01 20:55:11.0,82.330,
17-07-01 21:10:11.0,82.686,
17-07-01 21:25:11.0,82.152,
17-07-01 21:40:11.0,83.221,
17-07-01 21:55:11.0,83.757,
17-07-01 22:10:11.0,81.442,
17-07-01 22:25:11.0,77.923,
17-07-01 22:40:11.0,75.139,
17-07-01 22:55:11.0,75.484,
17-07-01 23:10:11.0,75.312,
17-07-01 23:25:11.0,77.574,
17-07-01 23:40:11.0,77.400,
17-07-01 23:55:11.0,75.312,
17-07-02 00:10:11.0,72.718,
17-07-02 00:25:11.0,72.891,
17-07-02 00:40:11.0,73.580,
17-07-02 00:55:11.0,72.891,
17-07-02 01:10:11.0,73.407,
17-07-02 01:25:11.0,72.028,
17-07-02 01:40:11.0,78.975,
17-07-02 01:55:11.0,82.508,
17-07-02 02:10:11.0,83.221,
17-07-02 02:25:11.0,82.864,
17-07-02 02:40:11.0,81.975,
17-07-02 02:55:11.0,79.151,
17-07-02 03:10:11.0,74.619,
17-07-02 03:25:11.0,70.995,
17-07-02 03:40:11.0,69.622,
17-07-02 03:55:11.0,69.449,
17-07-02 04:10:11.0,70.824,
17-07-02 04:25:11.0,72.199,
17-07-02 04:40:11.0,72.028,
17-07-02 04:55:11.0,72.372,
17-07-02 05:10:11.0,72.545,
17-07-02 05:25:11.0,71.512,
17-07-02 05:40:11.0,71.683,
17-07-02 05:55:11.0,70.308,
17-07-02 06:10:11.0,72.545,
17-07-02 06:25:11.0,77.225,
17-07-02 06:40:11.0,81.621,
17-07-02 06:55:11.0,85.014,
17-07-02 07:10:11.0,87.004,
17-07-02 07:25:11.0,88.466,
17-07-02 07:40:11.0,90.124,
17-07-02 07:55:11.0,90.680,
17-07-02 08:10:11.0,91.987,
17-07-02 08:25:11.0,92.926,
17-07-02 08:40:11.0,92.926,
17-07-02 08:55:11.0,93.682,
17-07-02 09:10:11.0,94.253,
17-07-02 09:25:11.0,95.400,
17-07-02 09:40:11.0,96.942,
17-07-02 09:55:11.0,97.137,
17-07-02 10:10:11.0,97.137,
17-07-02 10:25:11.0,98.503,
17-07-02 10:40:11.0,99.291,
17-07-02 10:55:11.0,99.291,
17-07-02 11:10:11.0,99.291,
17-07-02 11:25:11.0,99.885,
17-07-02 11:40:11.0,99.489,
17-07-02 11:55:11.0,98.699,
17-07-02 12:10:11.0,101.484,
17-07-02 12:25:11.0,101.685,
17-07-02 12:40:11.0,101.082,
17-07-02 12:55:11.0,102.290,
17-07-02 13:10:11.0,103.307,
17-07-02 13:25:11.0,103.717,
17-07-02 13:40:11.0,104.128,
17-07-02 13:55:11.0,103.923,
17-07-02 14:10:11.0,105.370,
17-07-02 14:25:11.0,104.333,
17-07-02 14:40:11.0,104.747,
17-07-02 14:55:11.0,105.370,
17-07-02 15:10:11.0,104.747,
17-07-02 15:25:11.0,104.954,
17-07-02 15:40:11.0,103.717,
17-07-02 15:55:11.0,100.683,
17-07-02 16:10:11.0,97.916,
17-07-02 16:25:11.0,91.987,
17-07-02 16:29:46.0,,9.00
17-07-02 16:30:03.0,,10.00
17-07-02 16:30:23.0,,11.00
17-07-02 16:30:39.0,,12.00
17-07-02 16:30:55.0,,13.00
17-07-02 16:31:24.0,,14.00
17-07-02 16:32:31.0,,15.00
17-07-02 16:40:11.0,76.876,
17-07-02 16:55:11.0,79.151,
17-07-02 17:10:11.0,79.502,
17-07-02 17:11:43.0,,16.00
17-07-02 17:12:29.0,,17.00
17-07-02 17:13:29.0,,18.00
17-07-02 17:13:50.0,,19.00
17-07-02 17:14:32.0,,20.00
17-07-02 17:15:24.0,,21.00
17-07-02 17:16:32.0,,22.00
17-07-02 17:18:36.0,,23.00
17-07-02 17:21:02.0,,24.00
17-07-02 17:22:11.0,,25.00
17-07-02 17:23:04.0,,26.00
17-07-02 17:23:32.0,,27.00
17-07-02 17:23:56.0,,28.00
17-07-02 17:24:33.0,,29.00
17-07-02 17:25:11.0,70.824,
17-07-02 17:30:17.0,,30.00
17-07-02 17:40:11.0,73.407,
17-07-02 17:40:18.0,,31.00
17-07-02 17:55:11.0,77.923,
17-07-02 18:10:11.0,80.206,
17-07-02 18:25:11.0,80.735,
17-07-02 18:40:11.0,82.330,
17-07-02 18:55:11.0,83.399,
17-07-02 19:10:11.0,83.579,
17-07-02 19:25:11.0,82.152,
17-07-02 19:40:11.0,80.559,
17-07-02 19:55:11.0,80.206,
17-07-02 20:10:11.0,79.502,
17-07-02 20:25:11.0,79.502,
17-07-02 20:40:11.0,79.853,
17-07-02 20:55:11.0,80.029,
17-07-02 21:10:11.0,80.206,
17-07-02 21:25:11.0,80.029,
17-07-02 21:40:11.0,79.678,
17-07-02 21:55:11.0,79.678,
17-07-02 22:10:11.0,80.735,
17-07-02 22:25:11.0,80.911,
17-07-02 22:40:11.0,81.090,
17-07-02 22:55:11.0,80.911,
17-07-02 23:10:11.0,78.274,
17-07-02 23:25:11.0,75.484,
17-07-02 23:40:11.0,73.407,
17-07-02 23:55:11.0,72.545,
17-07-03 00:10:11.0,72.718,
17-07-03 00:25:11.0,72.372,
17-07-03 00:40:11.0,71.339,
17-07-03 00:55:11.0,70.480,
17-07-03 01:10:11.0,70.824,
17-07-03 01:25:11.0,72.199,
17-07-03 01:40:11.0,72.199,
17-07-03 01:55:11.0,72.545,
17-07-03 02:10:11.0,72.545,
17-07-03 02:25:11.0,72.718,
17-07-03 02:40:11.0,73.062,
17-07-03 02:55:11.0,71.168,
17-07-03 03:10:11.0,69.278,
17-07-03 03:25:11.0,67.392,
17-07-03 03:40:11.0,66.193,
17-07-03 03:55:11.0,65.680,
17-07-03 04:10:11.0,65.509,
17-07-03 04:25:11.0,67.564,
17-07-03 04:40:11.0,67.564,
17-07-03 04:55:11.0,66.537,
17-07-03 05:10:11.0,65.509,
17-07-03 05:25:11.0,65.167,
17-07-03 05:40:11.0,65.851,
17-07-03 05:55:11.0,67.221,
17-07-03 06:10:11.0,69.622,
17-07-03 06:25:11.0,71.168,
17-07-03 06:40:11.0,71.168,
17-07-03 06:55:11.0,73.407,
17-07-03 07:10:11.0,76.876,
17-07-03 07:25:11.0,80.029,
17-07-03 07:40:11.0,82.508,
17-07-03 07:55:11.0,84.115,
17-07-03 08:10:11.0,85.194,
17-07-03 08:25:11.0,86.277,
17-07-03 08:40:11.0,86.459,
17-07-03 08:55:11.0,87.368,
17-07-03 09:10:11.0,87.368,
17-07-03 09:25:11.0,89.384,
17-07-03 09:40:11.0,91.987,
17-07-03 09:55:11.0,93.115,
17-07-03 10:10:11.0,93.682,
17-07-03 10:25:11.0,93.682,
17-07-03 10:40:11.0,94.633,
17-07-03 10:55:11.0,95.016,
17-07-03 11:10:11.0,96.168,
17-07-03 11:25:11.0,96.748,
17-07-03 11:40:11.0,97.137,
17-07-03 11:55:11.0,97.331,
17-07-03 12:10:11.0,97.916,
17-07-03 12:25:11.0,98.897,
17-07-03 12:40:11.0,99.093,
17-07-03 12:55:11.0,99.489,
17-07-03 13:10:11.0,99.489,
17-07-03 13:25:11.0,99.291,
17-07-03 13:40:11.0,100.882,
17-07-03 13:55:11.0,101.282,
17-07-03 14:10:11.0,101.282,
17-07-03 14:25:11.0,100.683,
17-07-03 14:40:11.0,101.082,
17-07-03 14:55:11.0,101.282,
17-07-03 15:10:11.0,100.683,
17-07-03 15:25:11.0,101.082,
17-07-03 15:40:11.0,101.484,
17-07-03 15:55:11.0,101.082,
17-07-03 16:10:11.0,101.887,
17-07-03 16:25:11.0,100.882,
17-07-03 16:40:11.0,98.699,
17-07-03 16:55:11.0,99.885,
17-07-03 17:10:11.0,98.503,
17-07-03 17:25:11.0,98.699,
17-07-03 17:40:11.0,97.525,
17-07-03 17:55:11.0,96.748,
17-07-03 18:10:11.0,95.783,
17-07-03 18:25:11.0,95.016,
17-07-03 18:40:11.0,94.062,
17-07-03 18:55:11.0,92.737,
17-07-03 19:10:11.0,91.053,
17-07-03 19:25:11.0,89.569,
17-07-03 19:40:11.0,88.650,
17-07-03 19:55:11.0,88.099,
17-07-03 20:10:11.0,86.277,
17-07-03 20:25:11.0,85.194,
17-07-03 20:40:11.0,84.115,
17-07-03 20:55:11.0,83.757,
17-07-03 21:10:11.0,84.115,
17-07-03 21:25:11.0,84.115,
17-07-03 21:40:11.0,83.757,
17-07-03 21:55:11.0,84.295,
17-07-03 22:10:11.0,83.935,
17-07-03 22:25:11.0,83.935,
17-07-03 22:40:11.0,83.221,
17-07-03 22:55:11.0,83.579,
17-07-03 23:10:11.0,82.864,
17-07-03 23:25:11.0,81.621,
17-07-03 23:40:11.0,79.326,
17-07-03 23:55:11.0,76.876,
17-07-04 00:10:11.0,76.354,
17-07-04 00:25:11.0,75.832,
17-07-04 00:40:11.0,75.659,
17-07-04 00:55:11.0,75.312,
17-07-04 01:10:11.0,76.006,
17-07-04 01:25:11.0,78.624,
17-07-04 01:40:11.0,80.382,
17-07-04 01:55:11.0,80.735,
17-07-04 02:10:11.0,80.029,
17-07-04 02:25:11.0,78.624,
17-07-04 02:40:11.0,76.703,
17-07-04 02:55:11.0,73.926,
17-07-04 03:10:11.0,73.234,
17-07-04 03:25:11.0,72.891,
17-07-04 03:40:11.0,72.372,
17-07-04 03:55:11.0,71.168,
17-07-04 04:10:11.0,70.824,
17-07-04 04:25:11.0,70.480,
17-07-04 04:40:11.0,70.480,
17-07-04 04:55:11.0,70.824,
17-07-04 05:10:11.0,70.308,
17-07-04 05:25:11.0,70.137,
17-07-04 05:40:11.0,70.480,
17-07-04 05:55:11.0,70.480,
17-07-04 06:10:11.0,72.372,
17-07-04 06:25:11.0,75.484,
17-07-04 06:40:11.0,78.975,
17-07-04 06:55:11.0,81.266,
17-07-04 07:10:11.0,81.797,
17-07-04 07:25:11.0,83.579,
17-07-04 07:40:11.0,86.459,
17-07-04 07:55:11.0,88.282,
17-07-04 08:10:11.0,87.368,
17-07-04 08:25:11.0,87.186,
17-07-04 08:40:11.0,87.733,
17-07-04 08:55:11.0,88.650,
17-07-04 09:10:11.0,89.755,
17-07-04 09:25:11.0,91.800,
17-07-04 09:40:11.0,93.304,
17-07-04 09:55:11.0,94.253,
17-07-04 10:10:11.0,96.168,
17-07-04 10:25:11.0,96.555,
17-07-04 10:40:11.0,96.555,
17-07-04 10:55:11.0,98.307,
17-07-04 11:10:11.0,98.897,
17-07-04 11:25:11.0,100.283,
17-07-04 11:40:11.0,99.687,
17-07-04 11:55:11.0,100.083,
17-07-04 12:10:11.0,101.082,
17-07-04 12:25:11.0,100.283,
17-07-04 12:40:11.0,101.082,
17-07-04 12:55:11.0,99.291,
17-07-04 13:10:11.0,96.942,
17-07-04 13:25:11.0,97.916,
17-07-04 13:40:11.0,97.720,
17-07-04 13:55:11.0,96.942,
17-07-04 14:10:11.0,98.897,
17-07-04 14:25:11.0,99.687,
17-07-04 14:40:11.0,102.088,
17-07-04 14:55:11.0,96.748,
17-07-04 15:10:11.0,98.110,
17-07-04 15:25:11.0,101.685,
17-07-04 15:40:11.0,99.489,
17-07-04 15:55:11.0,96.942,
17-07-04 16:10:11.0,99.093,
17-07-04 16:25:11.0,96.748,
17-07-04 16:40:11.0,96.942,
17-07-04 16:55:11.0,97.720,
17-07-04 17:10:11.0,96.942,
17-07-04 17:25:11.0,95.590,
17-07-04 17:40:11.0,95.400,
17-07-04 17:55:11.0,96.748,
17-07-04 18:10:11.0,96.168,
17-07-04 18:25:11.0,95.590,
17-07-04 18:40:11.0,92.926,
17-07-04 18:55:11.0,92.363,
17-07-04 19:10:11.0,90.309,
17-07-04 19:25:11.0,88.282,
17-07-04 19:40:11.0,85.735,
17-07-04 19:55:11.0,84.474,
17-07-04 20:10:11.0,83.935,
17-07-04 20:25:11.0,83.221,
17-07-04 20:40:11.0,82.864,
17-07-04 20:55:11.0,82.330,
17-07-04 21:10:11.0,82.508,
17-07-04 21:25:11.0,83.579,
17-07-04 21:40:11.0,84.474,
17-07-04 21:55:11.0,83.935,
17-07-04 22:10:11.0,83.043,
17-07-04 22:25:11.0,81.797,
17-07-04 22:40:11.0,79.678,
17-07-04 22:55:11.0,77.574,
17-07-04 23:10:11.0,77.574,
17-07-04 23:25:11.0,79.853,
17-07-04 23:40:11.0,82.330,
17-07-04 23:55:11.0,82.864,
17-07-05 00:10:11.0,83.579,
17-07-05 00:25:11.0,83.399,
17-07-05 00:40:11.0,82.152,
17-07-05 00:55:11.0,80.735,
17-07-05 01:10:11.0,78.274,
17-07-05 01:25:11.0,76.528,
17-07-05 01:40:11.0,74.619,
17-07-05 01:55:11.0,75.484,
17-07-05 02:10:11.0,74.791,
17-07-05 02:25:11.0,73.926,
17-07-05 02:40:11.0,72.891,
17-07-05 02:55:11.0,76.528,
17-07-05 03:10:11.0,80.029,
17-07-05 03:25:11.0,79.502,
17-07-05 03:40:11.0,81.442,
17-07-05 03:55:11.0,80.911,
17-07-05 04:10:11.0,80.735,
17-07-05 04:25:11.0,80.735,
17-07-05 04:40:11.0,80.382,
17-07-05 04:55:11.0,79.678,
17-07-05 05:10:11.0,79.502,
17-07-05 05:25:11.0,77.923,
17-07-05 05:40:11.0,77.749,
17-07-05 05:55:11.0,78.449,
17-07-05 06:10:11.0,80.911,
17-07-05 06:25:11.0,83.221,
17-07-05 06:40:11.0,84.834,
17-07-05 06:55:11.0,86.277,
17-07-05 07:10:11.0,87.368,
17-07-05 07:25:11.0,87.733,
17-07-05 07:40:11.0,88.466,
17-07-05 07:55:11.0,89.384,
17-07-05 08:10:11.0,89.938,
17-07-05 08:25:11.0,90.867,
17-07-05 08:40:11.0,91.987,
17-07-05 08:55:11.0,92.926,
17-07-05 09:10:11.0,93.493,
17-07-05 09:25:11.0,91.987,
17-07-05 09:40:11.0,91.612,
17-07-05 09:55:11.0,89.938,
17-07-05 10:10:11.0,94.633,
17-07-05 10:25:11.0,97.137,
17-07-05 10:40:11.0,97.137,
17-07-05 10:55:11.0,97.720,
17-07-05 11:10:11.0,98.110,
17-07-05 11:25:11.0,98.897,
17-07-05 11:40:11.0,99.093,
17-07-05 11:55:11.0,100.683,
17-07-05 12:10:11.0,102.088,
17-07-05 12:25:11.0,101.484,
17-07-05 12:40:11.0,101.282,
17-07-05 12:55:11.0,101.887,
17-07-05 13:10:11.0,102.900,
17-07-05 13:25:11.0,103.307,
17-07-05 13:40:11.0,103.307,
17-07-05 13:55:11.0,102.900,
17-07-05 14:10:11.0,102.900,
17-07-05 14:25:11.0,103.512,
17-07-05 14:40:11.0,104.540,
17-07-05 14:55:11.0,104.540,
17-07-05 15:10:11.0,103.104,
17-07-05 15:25:11.0,103.717,
17-07-05 15:40:11.0,103.923,
17-07-05 15:55:11.0,104.333,
17-07-05 16:10:11.0,104.128,
17-07-05 16:25:11.0,102.290,
17-07-05 16:40:11.0,101.887,
17-07-05 16:55:11.0,102.088,
17-07-05 17:10:11.0,102.088,
17-07-05 17:25:11.0,101.887,
17-07-05 17:40:11.0,100.483,
17-07-05 17:55:11.0,99.489,
17-07-05 18:10:11.0,98.897,
17-07-05 18:25:11.0,98.307,
17-07-05 18:40:11.0,97.137,
17-07-05 18:55:11.0,95.783,
17-07-05 19:10:11.0,94.253,
17-07-05 19:25:11.0,92.174,
17-07-05 19:40:11.0,90.309,
17-07-05 19:55:11.0,87.186,
17-07-05 20:10:11.0,82.864,
17-07-05 20:25:11.0,79.502,
17-07-05 20:40:11.0,77.923,
17-07-05 20:55:11.0,76.876,
17-07-05 21:10:11.0,76.876,
17-07-05 21:25:11.0,77.749,
17-07-05 21:40:11.0,81.621,
17-07-05 21:55:11.0,83.399,
17-07-05 22:10:11.0,83.579,
17-07-05 22:25:11.0,82.152,
17-07-05 22:40:11.0,81.442,
17-07-05 22:55:11.0,80.382,
17-07-05 23:10:11.0,78.800,
17-07-05 23:25:11.0,81.975,
17-07-05 23:40:11.0,83.935,
17-07-05 23:55:11.0,82.152,
17-07-06 00:10:11.0,78.975,
17-07-06 00:25:11.0,77.400,
17-07-06 00:40:11.0,77.400,
17-07-06 00:55:11.0,78.800,
17-07-06 01:10:11.0,77.400,
17-07-06 01:25:11.0,75.484,
17-07-06 01:40:11.0,74.964,
17-07-06 01:55:11.0,74.619,
17-07-06 02:10:11.0,74.271,
17-07-06 02:25:11.0,75.312,
17-07-06 02:40:11.0,77.923,
17-07-06 02:55:11.0,77.225,
17-07-06 03:10:11.0,77.400,
17-07-06 03:25:11.0,76.703,
17-07-06 03:40:11.0,75.832,
17-07-06 03:55:11.0,75.659,
17-07-06 04:10:11.0,74.271,
17-07-06 04:25:11.0,72.891,
17-07-06 04:40:11.0,70.995,
17-07-06 04:55:11.0,69.622,
17-07-06 05:10:11.0,69.793,
17-07-06 05:25:11.0,69.278,
17-07-06 05:40:11.0,68.763,
17-07-06 05:55:11.0,69.449,
17-07-06 06:10:11.0,72.545,
17-07-06 06:25:11.0,76.181,
17-07-06 06:40:11.0,81.266,
17-07-06 06:55:11.0,83.757,
17-07-06 07:10:11.0,84.834,
17-07-06 07:25:11.0,86.823,
17-07-06 07:40:11.0,88.282,
17-07-06 07:55:11.0,89.569,
17-07-06 08:10:11.0,91.612,
17-07-06 08:25:11.0,91.987,
17-07-06 08:40:11.0,92.550,
17-07-06 08:55:11.0,93.115,
17-07-06 09:10:11.0,94.633,
17-07-06 09:25:11.0,95.207,
17-07-06 09:40:11.0,96.361,
17-07-06 09:55:11.0,96.748,
17-07-06 10:10:11.0,97.916,
17-07-06 10:25:11.0,98.307,
17-07-06 10:40:11.0,98.897,
17-07-06 10:55:11.0,99.489,
17-07-06 11:10:11.0,99.885,
17-07-06 11:25:11.0,101.484,
17-07-06 11:40:11.0,102.290,
17-07-06 11:55:11.0,103.512,
17-07-06 12:10:11.0,102.697,
17-07-06 12:25:11.0,101.685,
17-07-06 12:40:11.0,101.484,
17-07-06 12:55:11.0,101.887,
17-07-06 13:10:11.0,104.540,
17-07-06 13:25:11.0,99.291,
17-07-06 13:40:11.0,98.307,
17-07-06 13:55:11.0,103.923,
17-07-06 14:10:11.0,102.088,
17-07-06 14:25:11.0,100.683,
17-07-06 14:40:11.0,105.577,
17-07-06 14:55:11.0,106.624,
17-07-06 15:10:11.0,107.046,
17-07-06 15:25:11.0,108.108,
17-07-06 15:40:11.0,104.747,
17-07-06 15:55:11.0,107.895,
17-07-06 16:10:11.0,109.180,
17-07-06 16:25:11.0,96.942,
17-07-06 16:40:11.0,92.737,
17-07-06 16:55:11.0,90.124,
17-07-06 17:10:11.0,92.737,
17-07-06 17:25:11.0,93.493,
17-07-06 17:40:11.0,93.115,
17-07-06 17:55:11.0,92.363,
17-07-06 18:10:11.0,91.800,
17-07-06 18:25:11.0,89.938,
17-07-06 18:40:11.0,89.384,
17-07-06 18:55:11.0,89.017,
17-07-06 19:10:11.0,89.200,
17-07-06 19:25:11.0,89.200,
17-07-06 19:40:11.0,88.099,
17-07-06 19:55:11.0,87.733,
17-07-06 20:10:11.0,86.823,
17-07-06 20:25:11.0,87.733,
17-07-06 20:40:11.0,86.097,
17-07-06 20:55:11.0,83.579,
17-07-06 21:10:11.0,81.797,
17-07-06 21:25:11.0,80.029,
17-07-06 21:40:11.0,79.853,
17-07-06 21:55:11.0,78.975,
17-07-06 22:10:11.0,78.624,
17-07-06 22:25:11.0,77.400,
17-07-06 22:40:11.0,77.225,
17-07-06 22:55:11.0,76.354,
17-07-06 23:10:11.0,75.659,
17-07-06 23:25:11.0,75.659,
17-07-06 23:40:11.0,74.271,
17-07-06 23:55:11.0,73.926,
17-07-07 00:10:11.0,73.926,
17-07-07 00:25:11.0,75.139,
17-07-07 00:40:11.0,76.876,
17-07-07 00:55:11.0,79.678,
17-07-07 01:10:11.0,80.029,
17-07-07 01:25:11.0,79.326,
17-07-07 01:40:11.0,79.853,
17-07-07 01:55:11.0,80.735,
17-07-07 02:10:11.0,81.621,
17-07-07 02:25:11.0,80.911,
17-07-07 02:40:11.0,81.090,
17-07-07 02:55:11.0,78.975,
17-07-07 03:10:11.0,77.400,
17-07-07 03:25:11.0,76.703,
17-07-07 03:40:11.0,75.832,
17-07-07 03:55:11.0,78.098,
17-07-07 04:10:11.0,79.502,
17-07-07 04:25:11.0,80.382,
17-07-07 04:40:11.0,80.206,
17-07-07 04:55:11.0,80.559,
17-07-07 05:10:11.0,80.911,
17-07-07 05:25:11.0,81.090,
17-07-07 05:40:11.0,79.326,
17-07-07 05:55:11.0,79.678,
17-07-07 06:10:11.0,81.621,
17-07-07 06:25:11.0,84.295,
17-07-07 06:40:11.0,86.823,
17-07-07 06:55:11.0,88.833,
17-07-07 07:10:11.0,90.124,
17-07-07 07:25:11.0,92.363,
17-07-07 07:40:11.0,93.115,
17-07-07 07:55:11.0,94.062,
17-07-07 08:10:11.0,94.062,
17-07-07 08:25:11.0,96.168,
17-07-07 08:40:11.0,97.525,
17-07-07 08:55:11.0,97.916,
17-07-07 09:10:11.0,99.093,
17-07-07 09:25:11.0,101.082,
17-07-07 09:40:11.0,101.685,
17-07-07 09:55:11.0,103.307,
17-07-07 10:10:11.0,103.717,
17-07-07 10:25:11.0,103.923,
17-07-07 10:40:11.0,104.954,
17-07-07 10:55:11.0,105.577,
17-07-07 11:10:11.0,106.624,
17-07-07 11:25:11.0,106.835,
17-07-07 11:40:11.0,107.895,
17-07-07 11:55:11.0,107.683,
17-07-07 12:10:11.0,106.835,
17-07-07 12:25:11.0,107.683,
17-07-07 12:40:11.0,108.964,
17-07-07 12:55:11.0,109.180,
17-07-07 13:10:11.0,110.046,
17-07-07 13:25:11.0,110.046,
17-07-07 13:40:11.0,110.264,
17-07-07 13:55:11.0,110.046,
17-07-07 14:10:11.0,110.264,
17-07-07 14:25:11.0,109.612,
17-07-07 14:40:11.0,110.046,
17-07-07 14:55:11.0,109.612,
17-07-07 15:10:11.0,109.180,
17-07-07 15:25:11.0,110.046,
17-07-07 15:40:11.0,108.964,
17-07-07 15:55:11.0,108.536,
17-07-07 16:10:11.0,108.322,
17-07-07 16:25:11.0,108.108,
17-07-07 16:40:11.0,107.683,
17-07-07 16:55:11.0,107.046,
17-07-07 17:10:11.0,105.994,
17-07-07 17:25:11.0,105.161,
17-07-07 17:40:11.0,104.128,
17-07-07 17:55:11.0,103.307,
17-07-07 18:10:11.0,102.290,
17-07-07 18:25:11.0,101.282,
17-07-07 18:40:11.0,99.489,
17-07-07 18:55:11.0,98.307,
17-07-07 19:10:11.0,96.942,
17-07-07 19:25:11.0,95.400,
17-07-07 19:40:11.0,93.873,
17-07-07 19:55:11.0,92.550,
17-07-07 20:10:11.0,92.363,
17-07-07 20:25:11.0,92.550,
17-07-07 20:40:11.0,92.926,
17-07-07 20:55:11.0,92.550,
17-07-07 21:10:11.0,91.987,
17-07-07 21:25:11.0,91.987,
17-07-07 21:40:11.0,92.174,
17-07-07 21:55:11.0,91.987,
17-07-07 22:10:11.0,91.240,
17-07-07 22:25:11.0,91.240,
17-07-07 22:40:11.0,90.680,
17-07-07 22:55:11.0,90.309,
17-07-07 23:10:11.0,90.124,
17-07-07 23:25:11.0,89.755,
17-07-07 23:40:11.0,89.755,
17-07-07 23:55:11.0,89.755,
17-07-08 00:10:11.0,89.017,
17-07-08 00:25:11.0,89.017,
17-07-08 00:40:11.0,89.017,
17-07-08 00:55:11.0,89.200,
17-07-08 01:10:11.0,89.017,
17-07-08 01:25:11.0,88.466,
17-07-08 01:40:11.0,88.099,
17-07-08 01:55:11.0,88.466,
17-07-08 02:10:11.0,87.552,
17-07-08 02:25:11.0,86.641,
17-07-08 02:40:11.0,86.641,
17-07-08 02:55:11.0,85.374,
17-07-08 03:10:11.0,83.043,
17-07-08 03:25:11.0,80.382,
17-07-08 03:40:11.0,77.923,
17-07-08 03:55:11.0,77.923,
17-07-08 04:10:11.0,77.923,
17-07-08 04:25:11.0,76.528,
17-07-08 04:40:11.0,74.964,
17-07-08 04:55:11.0,74.271,
17-07-08 05:10:11.0,73.062,
17-07-08 05:25:11.0,73.580,
17-07-08 05:40:11.0,72.372,
17-07-08 05:55:11.0,70.824,
17-07-08 06:10:11.0,71.856,
17-07-08 06:25:11.0,74.271,
17-07-08 06:40:11.0,78.449,
17-07-08 06:55:11.0,81.975,
17-07-08 07:10:11.0,84.834,
17-07-08 07:25:11.0,86.277,
17-07-08 07:40:11.0,86.641,
17-07-08 07:55:11.0,88.833,
17-07-08 08:10:11.0,91.425,
17-07-08 08:25:11.0,92.550,
17-07-08 08:40:11.0,93.873,
17-07-08 08:55:11.0,95.207,
17-07-08 09:10:11.0,97.525,
17-07-08 09:25:11.0,98.307,
17-07-08 09:40:11.0,99.291,
17-07-08 09:55:11.0,101.082,
17-07-08 10:10:11.0,100.483,
17-07-08 10:25:11.0,101.082,
17-07-08 10:40:11.0,102.088,
17-07-08 10:55:11.0,102.088,
17-07-08 11:10:11.0,104.333,
17-07-08 11:25:11.0,104.540,
17-07-08 11:40:11.0,104.128,
17-07-08 11:55:11.0,104.747,
17-07-08 12:10:11.0,104.128,
17-07-08 12:25:11.0,103.717,
17-07-08 12:40:11.0,106.835,
17-07-08 12:55:11.0,106.624,
17-07-08 13:10:11.0,105.577,
17-07-08 13:25:11.0,103.104,
17-07-08 13:40:11.0,105.577,
17-07-08 13:55:11.0,107.258,
17-07-08 14:10:11.0,105.577,
17-07-08 14:25:11.0,106.414,
17-07-08 14:40:11.0,108.108,
17-07-08 14:55:11.0,108.322,
17-07-08 15:10:11.0,108.108,
17-07-08 15:25:11.0,107.683,
17-07-08 15:40:11.0,105.161,
17-07-08 15:55:11.0,103.923,
17-07-08 16:10:11.0,100.483,
17-07-08 16:25:11.0,97.916,
17-07-08 16:40:11.0,97.331,
17-07-08 16:55:11.0,99.687,
17-07-08 17:10:11.0,99.093,
17-07-08 17:25:11.0,98.699,
17-07-08 17:40:11.0,95.783,
17-07-08 17:55:11.0,95.207,
17-07-08 18:10:11.0,95.016,
17-07-08 18:25:11.0,93.873,
17-07-08 18:40:11.0,91.987,
17-07-08 18:55:11.0,91.240,
17-07-08 19:10:11.0,90.495,
17-07-08 19:25:11.0,89.569,
17-07-08 19:40:11.0,88.099,
17-07-08 19:55:11.0,86.459,
17-07-08 20:10:11.0,83.221,
17-07-08 20:25:11.0,83.221,
17-07-08 20:40:11.0,83.579,
17-07-08 20:55:11.0,83.399,
17-07-08 21:10:11.0,80.735,
17-07-08 21:25:11.0,79.853,
17-07-08 21:40:11.0,79.678,
17-07-08 21:55:11.0,79.678,
17-07-08 22:10:11.0,79.326,
17-07-08 22:25:11.0,79.502,
17-07-08 22:40:11.0,80.382,
17-07-08 22:55:11.0,80.206,
17-07-08 23:10:11.0,79.678,
17-07-08 23:25:11.0,79.151,
17-07-08 23:40:11.0,77.225,
17-07-08 23:55:11.0,75.832,
17-07-09 00:10:11.0,74.964,
17-07-09 00:25:11.0,74.446,
17-07-09 00:40:11.0,74.791,
17-07-09 00:55:11.0,74.619,
17-07-09 01:10:11.0,75.312,
17-07-09 01:25:11.0,74.791,
17-07-09 01:40:11.0,74.446,
17-07-09 01:55:11.0,77.225,
17-07-09 02:10:11.0,77.400,
17-07-09 02:25:11.0,76.006,
17-07-09 02:40:11.0,73.753,
17-07-09 02:55:11.0,73.062,
17-07-09 03:10:11.0,72.372,
17-07-09 03:25:11.0,71.683,
17-07-09 03:40:11.0,70.824,
17-07-09 03:55:11.0,69.449,
17-07-09 04:10:11.0,68.592,
17-07-09 04:25:11.0,69.449,
17-07-09 04:40:11.0,70.824,
17-07-09 04:55:11.0,71.856,
17-07-09 05:10:11.0,71.683,
17-07-09 05:25:11.0,71.168,
17-07-09 05:40:11.0,70.824,
17-07-09 05:55:11.0,71.168,
17-07-09 06:10:11.0,72.545,
17-07-09 06:25:11.0,75.484,
17-07-09 06:40:11.0,79.326,
17-07-09 06:55:11.0,82.152,
17-07-09 07:10:11.0,84.115,
17-07-09 07:25:11.0,85.374,
17-07-09 07:40:11.0,86.823,
17-07-09 07:55:11.0,87.733,
17-07-09 08:10:11.0,87.915,
17-07-09 08:25:11.0,88.650,
17-07-09 08:40:11.0,89.384,
17-07-09 08:55:11.0,90.867,
17-07-09 09:10:11.0,90.309,
17-07-09 09:25:11.0,90.867,
17-07-09 09:40:11.0,92.737,
17-07-09 09:55:11.0,92.550,
17-07-09 10:10:11.0,94.253,
17-07-09 10:25:11.0,94.062,
17-07-09 10:40:11.0,95.783,
17-07-09 10:55:11.0,97.331,
17-07-09 11:10:11.0,97.331,
17-07-09 11:25:11.0,97.916,
17-07-09 11:40:11.0,98.897,
17-07-09 11:55:11.0,98.897,
17-07-09 12:10:11.0,97.720,
17-07-09 12:25:11.0,91.800,
17-07-09 12:40:11.0,89.569,
17-07-09 12:55:11.0,87.915,
17-07-09 13:02:01.0,,32.00
17-07-09 13:10:11.0,78.975,
17-07-09 13:11:01.0,,33.00
17-07-09 13:16:20.0,,34.00
17-07-09 13:25:11.0,70.651,
17-07-09 13:28:34.0,,35.00
17-07-09 13:40:11.0,70.824,
17-07-09 13:55:11.0,71.683,
17-07-09 14:10:11.0,72.891,
17-07-09 14:25:11.0,74.791,
17-07-09 14:40:11.0,76.528,
17-07-09 14:55:11.0,78.975,
17-07-09 15:10:11.0,81.442,
17-07-09 15:25:11.0,83.399,
17-07-09 15:40:11.0,86.097,
17-07-09 15:55:11.0,88.650,
17-07-09 16:10:11.0,90.680,
17-07-09 16:25:11.0,91.053,
17-07-09 16:40:11.0,91.053,
17-07-09 16:55:11.0,90.867,
17-07-09 17:10:11.0,90.309,
17-07-09 17:25:11.0,90.124,
17-07-09 17:40:11.0,90.124,
17-07-09 17:55:11.0,88.099,
17-07-09 18:10:11.0,86.641,
17-07-09 18:25:11.0,85.014,
17-07-09 18:40:11.0,83.579,
17-07-09 18:55:11.0,83.221,
17-07-09 19:10:11.0,83.043,
17-07-09 19:25:11.0,82.508,
17-07-09 19:40:11.0,81.621,
17-07-09 19:55:11.0,81.442,
17-07-09 20:10:11.0,80.911,
17-07-09 20:25:11.0,80.735,
17-07-09 20:40:11.0,80.911,
17-07-09 20:55:11.0,81.442,
17-07-09 21:10:11.0,80.735,
17-07-09 21:25:11.0,77.574,
17-07-09 21:40:11.0,74.791,
17-07-09 21:55:11.0,73.926,
17-07-09 22:10:11.0,74.446,
17-07-09 22:25:11.0,74.271,
17-07-09 22:40:11.0,74.446,
17-07-09 22:55:11.0,75.312,
17-07-09 23:10:11.0,74.619,
17-07-09 23:25:11.0,73.407,
17-07-09 23:40:11.0,73.407,
17-07-09 23:55:11.0,74.098,
17-07-10 00:10:11.0,74.098,
17-07-10 00:25:11.0,73.926,
17-07-10 00:40:11.0,73.580,
17-07-10 00:55:11.0,72.545,
17-07-10 01:10:11.0,72.028,
17-07-10 01:25:11.0,72.372,
17-07-10 01:40:11.0,71.856,
17-07-10 01:55:11.0,71.512,
17-07-10 02:10:11.0,70.995,
17-07-10 02:25:11.0,70.651,
17-07-10 02:40:11.0,69.278,
17-07-10 02:55:11.0,68.421,
17-07-10 03:10:11.0,67.735,
17-07-10 03:25:11.0,67.906,
17-07-10 03:40:11.0,67.906,
17-07-10 03:55:11.0,68.077,
17-07-10 04:10:11.0,67.735,
17-07-10 04:25:11.0,67.221,
17-07-10 04:40:11.0,66.366,
17-07-10 04:55:11.0,66.537,
17-07-10 05:10:11.0,66.366,
17-07-10 05:25:11.0,66.366,
17-07-10 05:40:11.0,66.879,
17-07-10 05:55:11.0,67.392,
17-07-10 06:10:11.0,69.964,
17-07-10 06:25:11.0,72.372,
17-07-10 06:40:11.0,75.312,
17-07-10 06:55:11.0,75.659,
17-07-10 07:10:11.0,78.449,
17-07-10 07:25:11.0,81.797,
17-07-10 07:40:11.0,85.014,
17-07-10 07:55:11.0,87.915,
17-07-10 08:10:11.0,88.833,
17-07-10 08:25:11.0,89.384,
17-07-10 08:40:11.0,90.680,
17-07-10 08:55:11.0,90.867,
17-07-10 09:10:11.0,91.425,
17-07-10 09:25:11.0,92.363,
17-07-10 09:40:11.0,92.550,
17-07-10 09:55:11.0,93.873,
17-07-10 10:10:11.0,95.016,
17-07-10 10:25:11.0,95.590,
17-07-10 10:40:11.0,95.590,
17-07-10 10:55:11.0,96.361,
17-07-10 11:10:11.0,94.062,
17-07-10 11:25:11.0,95.207,
17-07-10 11:40:11.0,96.361,
17-07-10 11:55:11.0,97.331,
17-07-10 12:10:11.0,98.699,
17-07-10 12:25:11.0,99.093,
17-07-10 12:40:11.0,96.942,
17-07-10 12:55:11.0,100.083,
17-07-10 13:10:11.0,101.685,
17-07-10 13:25:11.0,102.493,
17-07-10 13:40:11.0,102.493,
17-07-10 13:55:11.0,103.923,
17-07-10 14:10:11.0,101.887,
17-07-10 14:25:11.0,100.483,
17-07-10 14:40:11.0,99.687,
17-07-10 14:55:11.0,96.361,
17-07-10 15:10:11.0,95.590,
17-07-10 15:25:11.0,95.976,
17-07-10 15:40:11.0,92.737,
17-07-10 15:55:11.0,91.053,
17-07-10 16:10:11.0,89.938,
17-07-10 16:25:11.0,86.459,
17-07-10 16:40:11.0,85.735,
17-07-10 16:55:11.0,84.654,
17-07-10 17:07:29.0,,36.00
17-07-10 17:10:11.0,75.832,
17-07-10 17:10:20.0,,37.00
17-07-10 17:11:30.0,,38.00
17-07-10 17:12:05.0,,39.00
17-07-10 17:12:38.0,,40.00
17-07-10 17:13:16.0,,41.00
17-07-10 17:13:47.0,,42.00
17-07-10 17:14:09.0,,43.00
17-07-10 17:14:26.0,,44.00
17-07-10 17:14:43.0,,45.00
17-07-10 17:15:04.0,,46.00
17-07-10 17:15:24.0,,47.00
17-07-10 17:15:46.0,,48.00
17-07-10 17:16:07.0,,49.00
17-07-10 17:16:25.0,,50.00
17-07-10 17:16:47.0,,51.00
17-07-10 17:17:02.0,,52.00
17-07-10 17:17:24.0,,53.00
17-07-10 17:17:41.0,,54.00
17-07-10 17:18:04.0,,55.00
17-07-10 17:18:18.0,,56.00
17-07-10 17:18:36.0,,57.00
17-07-10 17:18:53.0,,58.00
17-07-10 17:19:07.0,,59.00
17-07-10 17:19:19.0,,60.00
17-07-10 17:19:35.0,,61.00
17-07-10 17:19:51.0,,62.00
17-07-10 17:20:15.0,,63.00
17-07-10 17:20:37.0,,64.00
17-07-10 17:21:02.0,,65.00
17-07-10 17:21:23.0,,66.00
17-07-10 17:21:45.0,,67.00
17-07-10 17:22:13.0,,68.00
17-07-10 17:22:50.0,,69.00
17-07-10 17:23:21.0,,70.00
17-07-10 17:24:00.0,,71.00
17-07-10 17:24:20.0,,72.00
17-07-10 17:24:42.0,,73.00
17-07-10 17:25:06.0,,74.00
17-07-10 17:25:11.0,69.964,
17-07-10 17:25:40.0,,75.00
17-07-10 17:26:34.0,,76.00
17-07-10 17:28:57.0,,77.00
17-07-10 17:31:36.0,,78.00
17-07-10 17:32:41.0,,79.00
17-07-10 17:33:43.0,,80.00
17-07-10 17:39:48.0,,81.00
17-07-10 17:40:11.0,68.592,
17-07-10 17:41:17.0,,82.00
17-07-10 17:41:57.0,,83.00
17-07-10 17:42:42.0,,84.00
17-07-10 17:44:23.0,,85.00
17-07-10 17:45:08.0,,86.00
17-07-10 17:46:01.0,,87.00
17-07-10 17:46:39.0,,88.00
17-07-10 17:47:20.0,,89.00
17-07-10 17:47:58.0,,90.00
17-07-10 17:49:47.0,,91.00
17-07-10 17:53:17.0,,92.00
17-07-10 17:55:11.0,68.421,
17-07-10 18:10:11.0,68.421,
17-07-10 18:25:11.0,69.278,
17-07-10 18:37:12.0,,93.00
17-07-10 18:40:11.0,70.480,
17-07-10 18:55:11.0,71.339,
17-07-10 19:10:11.0,72.199,
17-07-10 19:25:11.0,72.028,
17-07-10 19:40:11.0,70.824,
17-07-10 19:55:11.0,70.137,
17-07-10 20:10:11.0,70.480,
17-07-10 20:12:44.0,,94.00
17-07-10 20:25:11.0,70.137,
17-07-10 20:40:11.0,69.278,
17-07-10 20:55:11.0,69.278,
17-07-10 21:07:45.0,,95.00
17-07-10 21:10:11.0,69.622,
17-07-10 21:24:17.0,,96.00
17-07-10 21:25:11.0,69.622,
17-07-10 21:32:19.0,,97.00
17-07-10 21:40:11.0,69.449,
17-07-10 21:40:52.0,,98.00
17-07-10 21:55:11.0,69.107,
17-07-10 21:58:38.0,,99.00
17-07-10 22:10:11.0,69.278,
17-07-10 22:25:11.0,69.449,
17-07-10 22:40:11.0,69.449,
17-07-10 22:55:11.0,69.793,
17-07-10 23:10:11.0,70.480,
17-07-10 23:25:11.0,71.168,
17-07-10 23:40:11.0,71.512,
17-07-10 23:55:11.0,70.480,
17-07-11 00:10:11.0,69.964,
17-07-11 00:25:11.0,69.449,
17-07-11 00:40:11.0,69.278,
17-07-11 00:55:11.0,69.449,
17-07-11 01:10:11.0,71.512,
17-07-11 01:25:11.0,73.234,
17-07-11 01:40:11.0,73.234,
17-07-11 01:55:11.0,72.891,
17-07-11 02:10:11.0,72.545,
17-07-11 02:25:11.0,70.995,
17-07-11 02:40:11.0,69.793,
17-07-11 02:55:11.0,69.278,
17-07-11 03:10:11.0,69.107,
17-07-11 03:25:11.0,68.421,
17-07-11 03:25:12.0,,100.00
17-07-11 03:40:11.0,67.906,
17-07-11 03:46:20.0,,101.00
17-07-11 03:55:11.0,67.392,
17-07-11 03:55:56.0,,102.00
17-07-11 04:10:11.0,67.392,
17-07-11 04:14:20.0,,103.00
17-07-11 04:25:11.0,67.221,
17-07-11 04:29:54.0,,104.00
17-07-11 04:37:45.0,,105.00
17-07-11 04:40:11.0,67.221,
17-07-11 04:47:37.0,,106.00
17-07-11 04:55:11.0,67.221,
17-07-11 05:01:12.0,,107.00
17-07-11 05:10:11.0,66.879,
17-07-11 05:23:16.0,,108.00
17-07-11 05:25:11.0,66.708,
17-07-11 05:40:11.0,66.537,
17-07-11 05:55:11.0,66.708,
17-07-11 06:10:11.0,66.537,
17-07-11 06:25:11.0,67.050,
17-07-11 06:40:11.0,67.564,
17-07-11 06:55:11.0,67.735,
17-07-11 07:10:11.0,68.248,
17-07-11 07:25:11.0,69.278,
17-07-11 07:40:11.0,70.308,
17-07-11 07:55:11.0,71.512,
17-07-11 08:10:11.0,72.545,
17-07-11 08:25:11.0,72.891,
17-07-11 08:40:11.0,73.926,
17-07-11 08:55:11.0,76.354,
17-07-11 09:10:11.0,78.449,
17-07-11 09:25:11.0,80.382,
17-07-11 09:40:11.0,80.911,
17-07-11 09:55:11.0,80.029,
17-07-11 10:10:11.0,80.206,
17-07-11 10:25:11.0,80.911,
17-07-11 10:40:11.0,80.559,
17-07-11 10:55:11.0,81.442,
17-07-11 11:10:11.0,83.579,
17-07-11 11:25:11.0,86.459,
17-07-11 11:40:11.0,88.099,
17-07-11 11:55:11.0,89.200,
17-07-11 12:10:11.0,91.425,
17-07-11 12:25:11.0,90.680,
17-07-11 12:40:11.0,91.425,
17-07-11 12:55:11.0,91.800,
17-07-11 13:10:11.0,91.612,
17-07-11 13:25:11.0,90.867,
17-07-11 13:40:11.0,92.363,
17-07-11 13:55:11.0,92.174,
17-07-11 14:10:11.0,91.987,
17-07-11 14:25:11.0,92.363,
17-07-11 14:40:11.0,91.053,
17-07-11 14:55:11.0,91.987,
17-07-11 15:10:11.0,92.737,
17-07-11 15:25:11.0,92.174,
17-07-11 15:40:11.0,92.550,
17-07-11 15:55:11.0,91.612,
17-07-11 16:10:11.0,92.550,
17-07-11 16:25:11.0,92.363,
17-07-11 16:40:11.0,90.124,
17-07-11 16:55:11.0,90.867,
17-07-11 17:10:11.0,91.240,
17-07-11 17:25:11.0,91.612,
17-07-11 17:40:11.0,90.680,
17-07-11 17:55:11.0,90.495,
17-07-11 18:10:11.0,90.680,
17-07-11 18:25:11.0,89.569,
17-07-11 18:40:11.0,88.099,
17-07-11 18:55:11.0,86.277,
17-07-11 19:10:11.0,83.935,
17-07-11 19:25:11.0,82.330,
17-07-11 19:40:11.0,80.911,
17-07-11 19:55:11.0,79.853,
17-07-11 20:10:11.0,78.800,
17-07-11 20:25:11.0,78.274,
17-07-11 20:40:11.0,77.574,
17-07-11 20:55:11.0,77.225,
17-07-11 21:10:11.0,77.400,
17-07-11 21:25:11.0,77.574,
17-07-11 21:40:11.0,77.574,
17-07-11 21:55:11.0,77.400,
17-07-11 22:10:11.0,77.225,
17-07-11 22:25:11.0,76.876,
17-07-11 22:40:11.0,78.274,
17-07-11 22:55:11.0,79.151,
17-07-11 23:10:11.0,78.800,
17-07-11 23:25:11.0,77.749,
17-07-11 23:40:11.0,78.274,
17-07-11 23:55:11.0,78.800,
17-07-12 00:10:11.0,79.326,
17-07-12 00:25:11.0,79.502,
17-07-12 00:40:11.0,78.975,
17-07-12 00:55:11.0,78.975,
17-07-12 01:10:11.0,78.624,
17-07-12 01:25:11.0,78.274,
17-07-12 01:40:11.0,78.098,
17-07-12 01:55:11.0,77.400,
17-07-12 02:10:11.0,76.703,
17-07-12 02:25:11.0,77.574,
17-07-12 02:40:11.0,78.274,
17-07-12 02:55:11.0,78.449,
17-07-12 03:10:11.0,78.449,
17-07-12 03:25:11.0,78.449,
17-07-12 03:40:11.0,78.098,
17-07-12 03:55:11.0,77.749,
17-07-12 04:10:11.0,77.400,
17-07-12 04:25:11.0,77.574,
17-07-12 04:40:11.0,77.749,
17-07-12 04:55:11.0,78.098,
17-07-12 05:10:11.0,77.749,
17-07-12 05:25:11.0,77.749,
17-07-12 05:40:11.0,77.923,
17-07-12 05:55:11.0,78.274,
17-07-12 06:10:11.0,78.274,
17-07-12 06:25:11.0,78.098,
17-07-12 06:40:11.0,78.274,
17-07-12 06:55:11.0,78.098,
17-07-12 07:10:11.0,78.274,
17-07-12 07:25:11.0,78.800,
17-07-12 07:40:11.0,80.029,
17-07-12 07:55:11.0,81.442,
17-07-12 08:10:11.0,81.442,
17-07-12 08:25:11.0,82.864,
17-07-12 08:40:11.0,83.935,
17-07-12 08:55:11.0,87.733,
17-07-12 09:10:11.0,89.200,
17-07-12 09:25:11.0,89.200,
17-07-12 09:40:11.0,90.309,
17-07-12 09:55:11.0,90.680,
17-07-12 10:10:11.0,91.425,
17-07-12 10:25:11.0,90.495,
17-07-12 10:40:11.0,91.987,
17-07-12 10:55:11.0,92.737,
17-07-12 11:10:11.0,89.017,
17-07-12 11:25:11.0,92.174,
17-07-12 11:40:11.0,91.053,
17-07-12 11:55:11.0,91.800,
17-07-12 12:10:11.0,93.873,
17-07-12 12:25:11.0,94.253,
17-07-12 12:40:11.0,95.016,
17-07-12 12:55:11.0,94.444,
17-07-12 13:10:11.0,94.825,
17-07-12 13:25:11.0,96.361,
17-07-12 13:40:11.0,94.062,
17-07-12 13:55:11.0,92.550,
17-07-12 14:10:11.0,91.053,
17-07-12 14:25:11.0,96.168,
17-07-12 14:40:11.0,96.748,
17-07-12 14:55:11.0,96.748,
17-07-12 15:10:11.0,91.800,
17-07-12 15:25:11.0,91.612,
17-07-12 15:40:11.0,93.493,
17-07-12 15:55:11.0,92.737,
17-07-12 16:10:11.0,90.309,
17-07-12 16:25:11.0,88.833,
17-07-12 16:40:11.0,87.915,
17-07-12 16:55:11.0,87.368,
17-07-12 17:10:11.0,86.641,
17-07-12 17:25:11.0,85.735,
17-07-12 17:40:11.0,84.834,
17-07-12 17:55:11.0,84.115,
17-07-12 18:10:11.0,83.757,
17-07-12 18:25:11.0,83.221,
17-07-12 18:40:11.0,83.043,
17-07-12 18:55:11.0,83.935,
17-07-12 19:10:11.0,84.295,
17-07-12 19:25:11.0,83.221,
17-07-12 19:40:11.0,82.686,
17-07-12 19:55:11.0,81.975,
17-07-12 20:10:11.0,81.621,
17-07-12 20:25:11.0,81.266,
17-07-12 20:40:11.0,80.559,
17-07-12 20:55:11.0,81.090,
17-07-12 21:10:11.0,80.559,
17-07-12 21:14:31.0,,109.00
17-07-12 21:25:11.0,72.891,
17-07-12 21:32:40.0,,110.00
17-07-12 21:36:13.0,,111.00
17-07-12 21:38:06.0,,112.00
17-07-12 21:40:11.0,71.168,
17-07-12 21:41:02.0,,113.00
17-07-12 21:45:50.0,,114.00
17-07-12 21:55:11.0,70.651,
17-07-12 22:10:11.0,70.824,
17-07-12 22:25:11.0,70.824,
17-07-12 22:40:11.0,70.995,
17-07-12 22:55:11.0,70.995,
17-07-12 23:10:11.0,71.168,
17-07-12 23:25:11.0,71.512,
17-07-12 23:40:11.0,71.168,
17-07-12 23:41:21.0,,115.00
17-07-12 23:55:11.0,70.824,
17-07-12 23:57:22.0,,116.00
17-07-13 00:10:11.0,70.824,
17-07-13 00:25:11.0,70.480,
17-07-13 00:40:11.0,69.964,
17-07-13 00:55:11.0,69.964,
17-07-13 01:10:11.0,69.964,
17-07-13 01:25:11.0,70.308,
17-07-13 01:40:11.0,70.480,
17-07-13 01:55:11.0,70.651,
17-07-13 02:10:11.0,70.480,
17-07-13 02:25:11.0,70.308,
17-07-13 02:40:11.0,69.964,
17-07-13 02:55:11.0,69.793,
17-07-13 03:10:11.0,69.964,
17-07-13 03:25:11.0,69.622,
17-07-13 03:40:11.0,69.622,
17-07-13 03:55:11.0,69.449,
17-07-13 04:10:11.0,69.107,
17-07-13 04:25:11.0,68.763,
17-07-13 04:40:11.0,68.934,
17-07-13 04:55:11.0,68.763,
17-07-13 05:10:11.0,68.592,
17-07-13 05:25:11.0,68.421,
17-07-13 05:40:11.0,68.248,
17-07-13 05:55:11.0,68.592,
17-07-13 06:10:11.0,69.793,
17-07-13 06:25:11.0,71.856,
17-07-13 06:40:11.0,74.271,
17-07-13 06:55:11.0,76.006,
17-07-13 07:10:11.0,78.624,
17-07-13 07:25:11.0,81.090,
17-07-13 07:40:11.0,82.152,
17-07-13 07:55:11.0,82.864,
17-07-13 08:10:11.0,82.864,
17-07-13 08:25:11.0,83.221,
17-07-13 08:40:11.0,84.654,
17-07-13 08:55:11.0,85.194,
17-07-13 09:10:11.0,86.459,
17-07-13 09:25:11.0,87.368,
17-07-13 09:40:11.0,88.282,
17-07-13 09:55:11.0,89.938,
17-07-13 10:10:11.0,90.124,
17-07-13 10:25:11.0,90.867,
17-07-13 10:40:11.0,91.240,
17-07-13 10:55:11.0,91.612,
17-07-13 11:10:11.0,93.115,
17-07-13 11:25:11.0,93.493,
17-07-13 11:40:11.0,93.873,
17-07-13 11:55:11.0,94.444,
17-07-13 12:10:11.0,94.633,
17-07-13 12:25:11.0,95.207,
17-07-13 12:40:11.0,95.976,
17-07-13 12:55:11.0,96.361,
17-07-13 13:10:11.0,96.168,
17-07-13 13:25:11.0,97.525,
17-07-13 13:40:11.0,97.331,
17-07-13 13:55:11.0,97.525,
17-07-13 14:10:11.0,97.916,
17-07-13 14:25:11.0,97.916,
17-07-13 14:40:11.0,98.503,
17-07-13 14:55:11.0,98.307,
17-07-13 15:10:11.0,98.897,
17-07-13 15:25:11.0,98.307,
17-07-13 15:40:11.0,95.976,
17-07-13 15:55:11.0,93.873,
17-07-13 16:10:11.0,93.493,
17-07-13 16:25:11.0,92.737,
17-07-13 16:40:11.0,92.550,
17-07-13 16:55:11.0,92.550,
17-07-13 17:10:11.0,92.363,
17-07-13 17:25:11.0,92.174,
17-07-13 17:40:11.0,92.174,
17-07-13 17:55:11.0,91.612,
17-07-13 18:10:11.0,89.755,
17-07-13 18:25:11.0,87.733,
17-07-13 18:40:11.0,85.735,
17-07-13 18:55:11.0,84.654,
17-07-13 19:10:11.0,84.115,
17-07-13 19:25:11.0,76.528,
17-07-13 19:31:49.0,,117.00
17-07-13 19:32:07.0,,118.00
17-07-13 19:32:24.0,,119.00
17-07-13 19:32:58.0,,120.00
17-07-13 19:32:59.0,,121.00
17-07-13 19:33:14.0,,122.00
17-07-13 19:33:36.0,,123.00
17-07-13 19:34:08.0,,124.00
17-07-13 19:34:28.0,,125.00
17-07-13 19:34:53.0,,126.00
17-07-13 19:35:09.0,,127.00
17-07-13 19:35:29.0,,128.00
17-07-13 19:35:49.0,,129.00
17-07-13 19:36:03.0,,130.00
17-07-13 19:36:16.0,,131.00
17-07-13 19:36:32.0,,132.00
17-07-13 19:36:42.0,,133.00
17-07-13 19:36:55.0,,134.00
17-07-13 19:37:05.0,,135.00
17-07-13 19:37:17.0,,136.00
17-07-13 19:37:33.0,,137.00
17-07-13 19:37:59.0,,138.00
17-07-13 19:38:10.0,,139.00
17-07-13 19:38:25.0,,140.00
17-07-13 19:38:39.0,,141.00
17-07-13 19:38:58.0,,142.00
17-07-13 19:39:21.0,,143.00
17-07-13 19:39:59.0,,144.00
17-07-13 19:40:11.0,66.537,
17-07-13 19:40:39.0,,145.00
17-07-13 19:41:40.0,,146.00
17-07-13 19:42:52.0,,147.00
17-07-13 19:44:18.0,,148.00
17-07-13 19:45:21.0,,149.00
17-07-13 19:47:17.0,,150.00
17-07-13 19:49:35.0,,151.00
17-07-13 19:50:18.0,,152.00
17-07-13 19:51:27.0,,153.00
17-07-13 19:52:10.0,,154.00
17-07-13 19:52:45.0,,155.00
17-07-13 19:53:38.0,,156.00
17-07-13 19:54:15.0,,157.00
17-07-13 19:54:51.0,,158.00
17-07-13 19:55:11.0,65.851,
17-07-13 19:55:18.0,,159.00
17-07-13 19:56:20.0,,160.00
17-07-13 19:58:02.0,,161.00
17-07-13 19:58:34.0,,162.00
17-07-13 19:58:59.0,,163.00
17-07-13 19:59:20.0,,164.00
17-07-13 19:59:33.0,,165.00
17-07-13 19:59:51.0,,166.00
17-07-13 20:00:10.0,,167.00
17-07-13 20:00:41.0,,168.00
17-07-13 20:01:06.0,,169.00
17-07-13 20:01:37.0,,170.00
17-07-13 20:02:07.0,,171.00
17-07-13 20:02:35.0,,172.00
17-07-13 20:02:52.0,,173.00
17-07-13 20:03:12.0,,174.00
17-07-13 20:03:30.0,,175.00
17-07-13 20:03:56.0,,176.00
17-07-13 20:04:53.0,,177.00
17-07-13 20:05:57.0,,178.00
17-07-13 20:06:44.0,,179.00
17-07-13 20:08:13.0,,180.00
17-07-13 20:08:53.0,,181.00
17-07-13 20:09:36.0,,182.00
17-07-13 20:09:57.0,,183.00
17-07-13 20:10:11.0,65.680,
17-07-13 20:10:30.0,,184.00
17-07-13 20:11:24.0,,185.00
17-07-13 20:18:18.0,,186.00
17-07-13 20:19:25.0,,187.00
17-07-13 20:20:26.0,,188.00
17-07-13 20:20:58.0,,189.00
17-07-13 20:21:32.0,,190.00
17-07-13 20:22:02.0,,191.00
17-07-13 20:22:37.0,,192.00
17-07-13 20:23:07.0,,193.00
17-07-13 20:23:49.0,,194.00
17-07-13 20:24:49.0,,195.00
17-07-13 20:25:11.0,65.680,
17-07-13 20:28:39.0,,196.00
17-07-13 20:40:11.0,66.537,
17-07-13 20:55:11.0,67.735,
17-07-13 21:10:11.0,68.077,
17-07-13 21:13:08.0,,197.00
17-07-13 21:17:08.0,,198.00
17-07-13 21:23:51.0,,199.00
17-07-13 21:25:11.0,67.735,
17-07-13 21:32:53.0,,200.00
17-07-13 21:39:20.0,,201.00
17-07-13 21:40:11.0,67.735,
17-07-13 21:44:37.0,,202.00
17-07-13 21:49:01.0,,203.00
17-07-13 21:54:22.0,,204.00
17-07-13 21:55:11.0,67.221,
17-07-13 22:01:05.0,,205.00
17-07-13 22:10:11.0,67.221,
17-07-13 22:17:33.0,,206.00
17-07-13 22:25:11.0,67.564,
17-07-13 22:33:30.0,,207.00
17-07-13 22:40:11.0,68.248,
17-07-13 22:55:11.0,67.906,
17-07-13 23:10:11.0,69.107,
17-07-13 23:25:11.0,68.934,
17-07-13 23:40:11.0,68.248,
17-07-13 23:55:11.0,67.906,
17-07-14 00:10:11.0,67.735,
17-07-14 00:25:11.0,67.906,
17-07-14 00:40:11.0,68.077,
17-07-14 00:55:11.0,72.199,
17-07-14 01:09:52.0,,208.00
17-07-14 01:10:11.0,70.651,
17-07-14 01:11:48.0,,209.00
17-07-14 01:12:32.0,,210.00
17-07-14 01:12:59.0,,211.00
17-07-14 01:13:28.0,,212.00
17-07-14 01:13:51.0,,213.00
17-07-14 01:18:07.0,,214.00
17-07-14 01:23:13.0,,215.00
17-07-14 01:25:11.0,66.879,
17-07-14 01:36:42.0,,216.00
17-07-14 01:38:07.0,,217.00
17-07-14 01:40:11.0,67.050,
17-07-14 01:52:48.0,,218.00
17-07-14 01:55:11.0,66.879,
17-07-14 02:10:11.0,67.735,
17-07-14 02:25:11.0,67.735,
17-07-14 02:40:11.0,67.906,
17-07-14 02:55:11.0,67.564,
17-07-14 03:10:11.0,67.906,
17-07-14 03:25:11.0,67.906,
17-07-14 03:40:11.0,67.392,
17-07-14 03:55:11.0,67.221,
17-07-14 04:10:11.0,67.221,
17-07-14 04:25:11.0,67.392,
17-07-14 04:40:11.0,67.564,
17-07-14 04:55:11.0,67.906,
17-07-14 05:10:11.0,68.421,
17-07-14 05:25:11.0,69.964,
17-07-14 05:40:11.0,69.964,
17-07-14 05:55:11.0,71.168,
17-07-14 06:10:11.0,72.199,
17-07-14 06:25:11.0,72.718,
17-07-14 06:40:11.0,73.580,
17-07-14 06:55:11.0,75.484,
17-07-14 07:10:11.0,76.876,
17-07-14 07:25:11.0,77.923,
17-07-14 07:40:11.0,81.797,
17-07-14 07:55:11.0,84.115,
17-07-14 08:10:11.0,87.004,
17-07-14 08:25:11.0,87.368,
17-07-14 08:40:11.0,86.823,
17-07-14 08:55:11.0,89.384,
17-07-14 09:10:11.0,90.309,
17-07-14 09:25:11.0,88.099,
17-07-14 09:40:11.0,88.650,
17-07-14 09:55:11.0,87.915,
17-07-14 10:10:11.0,84.115,
17-07-14 10:25:11.0,88.099,
17-07-14 10:40:11.0,91.425,
17-07-14 10:55:11.0,92.363,
17-07-14 11:10:11.0,92.363,
17-07-14 11:25:11.0,92.363,
17-07-14 11:40:11.0,89.938,
17-07-14 11:55:11.0,90.867,
17-07-14 12:10:11.0,94.062,
17-07-14 12:25:11.0,93.873,
17-07-14 12:40:11.0,94.825,
17-07-14 12:55:11.0,95.400,
17-07-14 13:10:11.0,97.137,
17-07-14 13:25:11.0,95.976,
17-07-14 13:40:11.0,97.137,
17-07-14 13:55:11.0,97.137,
17-07-14 14:10:11.0,97.916,
17-07-14 14:25:11.0,97.525,
17-07-14 14:40:11.0,96.555,
17-07-14 14:55:11.0,94.825,
17-07-14 15:10:11.0,97.720,
17-07-14 15:25:11.0,98.110,
17-07-14 15:40:11.0,93.682,
17-07-14 15:55:11.0,95.590,
17-07-14 16:10:11.0,96.748,
17-07-14 16:25:11.0,97.720,
17-07-14 16:40:11.0,97.525,
17-07-14 16:55:11.0,97.137,
17-07-14 17:10:11.0,96.748,
17-07-14 17:25:11.0,96.361,
17-07-14 17:40:11.0,96.555,
17-07-14 17:55:11.0,95.783,
17-07-14 18:10:11.0,95.207,
17-07-14 18:25:11.0,94.253,
17-07-14 18:40:11.0,93.493,
17-07-14 18:55:11.0,90.680,
17-07-14 19:10:11.0,86.641,
17-07-14 19:25:11.0,84.115,
17-07-14 19:31:00.0,,219.00
17-07-14 19:31:21.0,,220.00
17-07-14 19:31:36.0,,221.00
17-07-14 19:31:59.0,,222.00
17-07-14 19:32:19.0,,223.00
17-07-14 19:32:37.0,,224.00
17-07-14 19:32:50.0,,225.00
17-07-14 19:33:02.0,,226.00
17-07-14 19:33:10.0,,227.00
17-07-14 19:33:21.0,,228.00
17-07-14 19:33:31.0,,229.00
17-07-14 19:33:45.0,,230.00
17-07-14 19:33:58.0,,231.00
17-07-14 19:34:11.0,,232.00
17-07-14 19:34:21.0,,233.00
17-07-14 19:34:37.0,,234.00
17-07-14 19:34:52.0,,235.00
17-07-14 19:35:05.0,,236.00
17-07-14 19:35:23.0,,237.00
17-07-14 19:35:59.0,,238.00
17-07-14 19:36:35.0,,239.00
17-07-14 19:37:04.0,,240.00
17-07-14 19:37:29.0,,241.00
17-07-14 19:38:00.0,,242.00
17-07-14 19:38:30.0,,243.00
17-07-14 19:39:02.0,,244.00
17-07-14 19:39:36.0,,245.00
17-07-14 19:40:11.0,69.278,
17-07-14 19:40:20.0,,246.00
17-07-14 19:41:00.0,,247.00
17-07-14 19:41:37.0,,248.00
17-07-14 19:41:57.0,,249.00
17-07-14 19:42:18.0,,250.00
17-07-14 19:42:37.0,,251.00
17-07-14 19:43:04.0,,252.00
17-07-14 19:43:43.0,,253.00
17-07-14 19:44:09.0,,254.00
17-07-14 19:44:29.0,,255.00
17-07-14 19:44:59.0,,256.00
17-07-14 19:45:26.0,,257.00
17-07-14 19:45:52.0,,258.00
17-07-14 19:46:15.0,,259.00
17-07-14 19:46:39.0,,260.00
17-07-14 19:46:58.0,,261.00
17-07-14 19:47:24.0,,262.00
17-07-14 19:47:54.0,,263.00
17-07-14 19:48:39.0,,264.00
17-07-14 19:49:13.0,,265.00
17-07-14 19:49:45.0,,266.00
17-07-14 19:50:12.0,,267.00
17-07-14 19:52:31.0,,268.00
17-07-14 19:53:23.0,,269.00
17-07-14 19:53:46.0,,270.00
17-07-14 19:54:06.0,,271.00
17-07-14 19:54:51.0,,272.00
17-07-14 19:55:11.0,68.248,
17-07-14 19:55:23.0,,273.00
17-07-14 19:55:50.0,,274.00
17-07-14 19:56:13.0,,275.00
17-07-14 19:56:42.0,,276.00
17-07-14 19:57:05.0,,277.00
17-07-14 19:57:33.0,,278.00
17-07-14 19:58:01.0,,279.00
17-07-14 19:58:30.0,,280.00
17-07-14 19:59:01.0,,281.00
17-07-14 20:00:18.0,,282.00
17-07-14 20:01:29.0,,283.00
17-07-14 20:02:59.0,,284.00
17-07-14 20:05:16.0,,285.00
17-07-14 20:07:14.0,,286.00
17-07-14 20:10:11.0,68.763,
17-07-14 20:25:11.0,69.278,
17-07-14 20:40:11.0,69.793,
17-07-14 20:55:11.0,70.824,
17-07-14 21:10:11.0,70.995,
17-07-14 21:25:11.0,71.512,
17-07-14 21:40:11.0,72.028,
17-07-14 21:55:11.0,71.856,
17-07-14 22:10:11.0,73.062,
17-07-14 22:25:11.0,73.926,
17-07-14 22:40:11.0,73.926,
17-07-14 22:55:11.0,73.580,
17-07-14 23:10:11.0,73.580,
17-07-14 23:25:11.0,72.545,
17-07-14 23:40:11.0,72.199,
17-07-14 23:55:11.0,72.028,
17-07-15 00:10:11.0,71.856,
17-07-15 00:25:11.0,71.683,
17-07-15 00:40:11.0,71.512,
17-07-15 00:55:11.0,71.168,
17-07-15 01:10:11.0,71.512,
17-07-15 01:25:11.0,71.683,
17-07-15 01:40:11.0,72.891,
17-07-15 01:55:11.0,73.234,
17-07-15 02:10:11.0,72.891,
17-07-15 02:25:11.0,72.199,
17-07-15 02:40:11.0,71.683,
17-07-15 02:55:11.0,70.995,
17-07-15 03:10:11.0,70.308,
17-07-15 03:25:11.0,69.622,
17-07-15 03:40:11.0,69.964,
17-07-15 03:55:11.0,69.622,
17-07-15 04:10:11.0,69.278,
17-07-15 04:25:11.0,68.934,
17-07-15 04:40:11.0,68.934,
17-07-15 04:55:11.0,68.248,
17-07-15 05:10:11.0,68.248,
17-07-15 05:25:11.0,67.906,
17-07-15 05:40:11.0,68.248,
17-07-15 05:55:11.0,68.592,
17-07-15 06:10:11.0,69.622,
17-07-15 06:25:11.0,71.856,
17-07-15 06:40:11.0,75.312,
17-07-15 06:55:11.0,77.225,
17-07-15 07:10:11.0,78.274,
17-07-15 07:25:11.0,79.326,
17-07-15 07:40:11.0,81.442,
17-07-15 07:55:11.0,82.330,
17-07-15 08:10:11.0,84.115,
17-07-15 08:25:11.0,84.834,
17-07-15 08:40:11.0,85.194,
17-07-15 08:55:11.0,85.554,
17-07-15 09:10:11.0,86.641,
17-07-15 09:25:11.0,86.823,
17-07-15 09:40:11.0,88.099,
17-07-15 09:55:11.0,89.200,
17-07-15 10:10:11.0,90.867,
17-07-15 10:25:11.0,91.425,
17-07-15 10:40:11.0,92.737,
17-07-15 10:55:11.0,92.737,
17-07-15 11:10:11.0,93.682,
17-07-15 11:25:11.0,92.737,
17-07-15 11:40:11.0,95.207,
17-07-15 11:55:11.0,97.720,
17-07-15 12:10:11.0,95.976,
17-07-15 12:25:11.0,94.062,
17-07-15 12:40:11.0,96.555,
17-07-15 12:55:11.0,95.207,
17-07-15 13:10:11.0,97.525,
17-07-15 13:25:11.0,96.168,
17-07-15 13:40:11.0,94.062,
17-07-15 13:55:11.0,93.873,
17-07-15 14:10:11.0,94.444,
17-07-15 14:25:11.0,95.590,
17-07-15 14:40:11.0,96.942,
17-07-15 14:55:11.0,95.590,
17-07-15 15:10:11.0,98.503,
17-07-15 15:25:11.0,98.503,
17-07-15 15:40:11.0,94.825,
17-07-15 15:55:11.0,95.783,
17-07-15 16:10:11.0,93.873,
17-07-15 16:25:11.0,91.987,
17-07-15 16:40:11.0,90.867,
17-07-15 16:55:11.0,90.309,
17-07-15 17:10:11.0,91.425,
17-07-15 17:25:11.0,90.124,
17-07-15 17:40:11.0,89.200,
17-07-15 17:55:11.0,86.823,
17-07-15 18:10:11.0,85.194,
17-07-15 18:25:11.0,83.221,
17-07-15 18:40:11.0,82.330,
17-07-15 18:55:11.0,81.975,
17-07-15 19:10:11.0,81.442,
17-07-15 19:16:56.0,,287.00
17-07-15 19:18:02.0,,288.00
17-07-15 19:18:26.0,,289.00
17-07-15 19:18:48.0,,290.00
17-07-15 19:19:04.0,,291.00
17-07-15 19:19:22.0,,292.00
17-07-15 19:19:38.0,,293.00
17-07-15 19:19:55.0,,294.00
17-07-15 19:20:10.0,,295.00
17-07-15 19:20:26.0,,296.00
17-07-15 19:20:40.0,,297.00
17-07-15 19:20:52.0,,298.00
17-07-15 19:21:05.0,,299.00
17-07-15 19:21:20.0,,300.00
17-07-15 19:21:34.0,,301.00
17-07-15 19:21:48.0,,302.00
17-07-15 19:22:04.0,,303.00
17-07-15 19:22:22.0,,304.00
17-07-15 19:22:45.0,,305.00
17-07-15 19:23:11.0,,306.00
17-07-15 19:23:36.0,,307.00
17-07-15 19:24:08.0,,308.00
17-07-15 19:24:37.0,,309.00
17-07-15 19:24:59.0,,310.00
17-07-15 19:25:11.0,74.964,
17-07-15 19:25:13.0,,311.00
17-07-15 19:25:27.0,,312.00
17-07-15 19:25:38.0,,313.00
17-07-15 19:25:49.0,,314.00
17-07-15 19:26:00.0,,315.00
17-07-15 19:26:10.0,,316.00
17-07-15 19:26:20.0,,317.00
17-07-15 19:26:31.0,,318.00
17-07-15 19:26:41.0,,319.00
17-07-15 19:26:51.0,,320.00
17-07-15 19:26:59.0,,321.00
17-07-15 19:27:07.0,,322.00
17-07-15 19:27:16.0,,323.00
17-07-15 19:27:27.0,,324.00
17-07-15 19:27:40.0,,325.00
17-07-15 19:28:02.0,,326.00
17-07-15 19:28:34.0,,327.00
17-07-15 19:29:38.0,,328.00
17-07-15 19:31:00.0,,329.00
17-07-15 19:40:11.0,70.480,
17-07-15 19:40:29.0,,330.00
17-07-15 19:55:11.0,70.651,
17-07-15 20:10:11.0,69.793,
17-07-15 20:25:11.0,69.793,
17-07-15 20:34:46.0,,331.00
17-07-15 20:40:11.0,70.308,
17-07-15 20:47:53.0,,332.00
17-07-15 20:55:11.0,70.480,
17-07-15 21:10:11.0,70.480,
17-07-15 21:25:11.0,70.651,
17-07-15 21:40:11.0,70.480,
17-07-15 21:54:38.0,,333.00
17-07-15 21:55:11.0,71.168,
17-07-15 22:10:11.0,69.107,
17-07-15 22:18:08.0,,334.00
17-07-15 22:18:57.0,,335.00
17-07-15 22:19:29.0,,336.00
17-07-15 22:19:51.0,,337.00
17-07-15 22:20:12.0,,338.00
17-07-15 22:20:27.0,,339.00
17-07-15 22:20:41.0,,340.00
17-07-15 22:20:54.0,,341.00
17-07-15 22:21:14.0,,342.00
17-07-15 22:21:31.0,,343.00
17-07-15 22:21:50.0,,344.00
17-07-15 22:22:03.0,,345.00
17-07-15 22:22:17.0,,346.00
17-07-15 22:22:33.0,,347.00
17-07-15 22:22:52.0,,348.00
17-07-15 22:23:08.0,,349.00
17-07-15 22:23:28.0,,350.00
17-07-15 22:23:46.0,,351.00
17-07-15 22:24:08.0,,352.00
17-07-15 22:24:24.0,,353.00
17-07-15 22:24:41.0,,354.00
17-07-15 22:24:58.0,,355.00
17-07-15 22:25:11.0,66.022,
17-07-15 22:25:19.0,,356.00
17-07-15 22:25:34.0,,357.00
17-07-15 22:25:51.0,,358.00
17-07-15 22:26:07.0,,359.00
17-07-15 22:26:23.0,,360.00
17-07-15 22:26:40.0,,361.00
17-07-15 22:27:00.0,,362.00
17-07-15 22:27:21.0,,363.00
17-07-15 22:27:44.0,,364.00
17-07-15 22:28:04.0,,365.00
17-07-15 22:28:31.0,,366.00
17-07-15 22:28:54.0,,367.00
17-07-15 22:29:28.0,,368.00
17-07-15 22:30:09.0,,369.00
17-07-15 22:30:46.0,,370.00
17-07-15 22:31:43.0,,371.00
17-07-15 22:32:52.0,,372.00
17-07-15 22:35:04.0,,373.00
17-07-15 22:37:46.0,,374.00
17-07-15 22:40:11.0,65.680,
17-07-15 22:41:14.0,,375.00
17-07-15 22:47:54.0,,376.00
17-07-15 22:52:48.0,,377.00
17-07-15 22:55:11.0,65.680,
17-07-15 22:59:14.0,,378.00
17-07-15 23:06:00.0,,379.00
17-07-15 23:10:11.0,65.680,
17-07-15 23:12:10.0,,380.00
17-07-15 23:14:39.0,,381.00
17-07-15 23:23:15.0,,382.00
17-07-15 23:25:11.0,65.851,
17-07-15 23:40:11.0,65.680,
17-07-15 23:55:11.0,66.193,
17-07-16 00:10:11.0,66.193,
17-07-16 00:25:11.0,66.366,
17-07-16 00:30:52.0,,383.00
17-07-16 00:40:11.0,66.366,
17-07-16 00:42:49.0,,384.00
17-07-16 00:52:45.0,,385.00
17-07-16 00:55:11.0,66.193,
17-07-16 01:10:11.0,66.537,
17-07-16 01:25:11.0,65.851,
17-07-16 01:40:11.0,65.680,
17-07-16 01:55:11.0,66.022,
17-07-16 02:10:11.0,66.193,
17-07-16 02:25:11.0,66.537,
17-07-16 02:40:11.0,66.193,
17-07-16 02:55:11.0,65.851,
17-07-16 03:10:11.0,65.680,
17-07-16 03:25:11.0,65.680,
17-07-16 03:40:11.0,65.509,
17-07-16 03:55:11.0,65.338,
17-07-16 04:10:11.0,64.996,
17-07-16 04:25:11.0,64.825,
17-07-16 04:40:11.0,65.167,
17-07-16 04:55:11.0,65.851,
17-07-16 05:10:11.0,67.050,
17-07-16 05:25:11.0,66.879,
17-07-16 05:40:11.0,66.366,
17-07-16 05:55:11.0,66.193,
17-07-16 06:10:11.0,66.022,
17-07-16 06:25:11.0,66.193,
17-07-16 06:40:11.0,66.879,
17-07-16 06:55:11.0,68.077,
17-07-16 07:10:11.0,71.168,
17-07-16 07:25:11.0,74.271,
17-07-16 07:40:11.0,75.832,
17-07-16 07:55:11.0,76.354,
17-07-16 08:10:11.0,77.400,
17-07-16 08:25:11.0,78.624,
17-07-16 08:40:11.0,80.029,
17-07-16 08:55:11.0,80.735,
17-07-16 09:10:11.0,81.797,
17-07-16 09:25:11.0,82.864,
17-07-16 09:40:11.0,83.757,
17-07-16 09:55:11.0,84.834,
17-07-16 10:10:11.0,85.014,
17-07-16 10:25:11.0,84.834,
17-07-16 10:40:11.0,87.004,
17-07-16 10:55:11.0,87.552,
17-07-16 11:10:11.0,88.282,
17-07-16 11:25:11.0,88.466,
17-07-16 11:40:11.0,89.017,
17-07-16 11:55:11.0,86.823,
17-07-16 12:07:41.0,,386.00
17-07-16 12:10:11.0,81.266,
17-07-16 12:25:11.0,86.459,
17-07-16 12:40:11.0,88.833,
17-07-16 12:55:11.0,90.124,
17-07-16 13:10:11.0,91.240,
17-07-16 13:25:11.0,91.987,
17-07-16 13:40:11.0,91.987,
17-07-16 13:55:11.0,95.016,
17-07-16 14:10:11.0,92.737,
17-07-16 14:17:13.0,,387.00
17-07-16 14:20:28.0,,388.00
17-07-16 14:20:53.0,,389.00
17-07-16 14:21:13.0,,390.00
17-07-16 14:21:33.0,,391.00
17-07-16 14:21:53.0,,392.00
17-07-16 14:22:19.0,,393.00
17-07-16 14:23:52.0,,394.00
17-07-16 14:25:11.0,76.006,
17-07-16 14:40:11.0,73.926,
17-07-16 14:55:11.0,75.139,
17-07-16 15:10:11.0,77.574,
17-07-16 15:25:11.0,79.678,
17-07-16 15:38:00.0,,395.00
17-07-16 15:39:02.0,,396.00
17-07-16 15:39:30.0,,397.00
17-07-16 15:39:41.0,,398.00
17-07-16 15:39:51.0,,399.00
17-07-16 15:40:00.0,,400.00
17-07-16 15:40:11.0,72.199,
17-07-16 15:40:12.0,,401.00
17-07-16 15:40:23.0,,402.00
17-07-16 15:40:32.0,,403.00
17-07-16 15:40:41.0,,404.00
17-07-16 15:40:49.0,,405.00
17-07-16 15:41:00.0,,406.00
17-07-16 15:41:08.0,,407.00
17-07-16 15:41:18.0,,408.00
17-07-16 15:41:24.0,,409.00
17-07-16 15:41:25.0,,410.00
17-07-16 15:41:31.0,,411.00
17-07-16 15:41:37.0,,412.00
17-07-16 15:41:45.0,,413.00
17-07-16 15:41:53.0,,414.00
17-07-16 15:42:01.0,,415.00
17-07-16 15:42:08.0,,416.00
17-07-16 15:42:17.0,,417.00
17-07-16 15:42:29.0,,418.00
17-07-16 15:42:42.0,,419.00
17-07-16 15:42:55.0,,420.00
17-07-16 15:43:11.0,,421.00
17-07-16 15:43:19.0,,422.00
17-07-16 15:43:29.0,,423.00
17-07-16 15:43:38.0,,424.00
17-07-16 15:43:49.0,,425.00
17-07-16 15:44:00.0,,426.00
17-07-16 15:44:09.0,,427.00
17-07-16 15:44:16.0,,428.00
17-07-16 15:44:24.0,,429.00
17-07-16 15:44:31.0,,430.00
17-07-16 15:44:38.0,,431.00
17-07-16 15:44:44.0,,432.00
17-07-16 15:44:51.0,,433.00
17-07-16 15:44:57.0,,434.00
17-07-16 15:45:04.0,,435.00
17-07-16 15:45:10.0,,436.00
17-07-16 15:45:17.0,,437.00
17-07-16 15:45:24.0,,438.00
17-07-16 15:45:30.0,,439.00
17-07-16 15:45:35.0,,440.00
17-07-16 15:45:42.0,,441.00
17-07-16 15:45:50.0,,442.00
17-07-16 15:46:01.0,,443.00
17-07-16 15:46:10.0,,444.00
17-07-16 15:46:18.0,,445.00
17-07-16 15:46:27.0,,446.00
17-07-16 15:46:36.0,,447.00
17-07-16 15:46:45.0,,448.00
17-07-16 15:46:55.0,,449.00
17-07-16 15:47:05.0,,450.00
17-07-16 15:47:16.0,,451.00
17-07-16 15:47:30.0,,452.00
17-07-16 15:47:48.0,,453.00
17-07-16 15:48:03.0,,454.00
17-07-16 15:48:18.0,,455.00
17-07-16 15:48:36.0,,456.00
17-07-16 15:48:58.0,,457.00
17-07-16 15:49:32.0,,458.00
17-07-16 15:50:06.0,,459.00
17-07-16 15:50:53.0,,460.00
17-07-16 15:51:42.0,,461.00
17-07-16 15:52:23.0,,462.00
17-07-16 15:53:24.0,,463.00
17-07-16 15:54:38.0,,464.00
17-07-16 15:55:11.0,65.680,
17-07-16 15:56:14.0,,465.00
17-07-16 15:58:25.0,,466.00
17-07-16 16:03:04.0,,467.00
17-07-16 16:07:00.0,,468.00
17-07-16 16:10:11.0,66.022,
17-07-16 16:11:18.0,,469.00
17-07-16 16:19:00.0,,470.00
17-07-16 16:25:11.0,67.221,
17-07-16 16:40:11.0,68.077,
17-07-16 16:55:11.0,68.763,
17-07-16 17:10:11.0,69.278,
17-07-16 17:25:11.0,68.934,
17-07-16 17:40:11.0,69.278,
17-07-16 17:55:11.0,69.278,
17-07-16 18:10:11.0,69.793,
17-07-16 18:25:11.0,70.137,
17-07-16 18:40:11.0,70.480,
17-07-16 18:55:11.0,69.964,
17-07-16 19:10:11.0,69.622,
17-07-16 19:25:11.0,69.449,
17-07-16 19:40:11.0,69.278,
17-07-16 19:55:11.0,69.107,
17-07-16 20:10:11.0,68.763,
17-07-16 20:25:11.0,68.248,
17-07-16 20:40:11.0,68.421,
17-07-16 20:55:11.0,68.592,
17-07-16 21:10:11.0,68.763,
17-07-16 21:25:11.0,68.934,
17-07-16 21:40:11.0,69.107,
17-07-16 21:55:11.0,69.278,
17-07-16 22:10:11.0,69.622,
17-07-16 22:25:11.0,69.622,
17-07-16 22:40:11.0,69.964,
17-07-16 22:55:11.0,70.480,
17-07-16 23:10:11.0,70.137,
17-07-16 23:25:11.0,69.622,
17-07-16 23:40:11.0,69.622,
17-07-16 23:55:11.0,69.622,
17-07-17 00:10:11.0,69.793,
17-07-17 00:25:11.0,69.964,
17-07-17 00:40:11.0,69.622,
17-07-17 00:55:11.0,69.449,
17-07-17 01:10:11.0,69.107,
17-07-17 01:25:11.0,68.934,
17-07-17 01:40:11.0,68.763,
17-07-17 01:55:11.0,69.107,
17-07-17 02:10:11.0,69.107,
17-07-17 02:25:11.0,69.278,
17-07-17 02:40:11.0,69.278,
17-07-17 02:55:11.0,69.449,
17-07-17 03:10:11.0,69.278,
17-07-17 03:25:11.0,68.934,
17-07-17 03:40:11.0,69.107,
17-07-17 03:55:11.0,69.107,
17-07-17 04:10:11.0,69.278,
17-07-17 04:25:11.0,69.278,
17-07-17 04:40:11.0,69.107,
17-07-17 04:55:11.0,69.107,
17-07-17 05:10:11.0,69.107,
17-07-17 05:25:11.0,68.934,
17-07-17 05:40:11.0,68.934,
17-07-17 05:55:11.0,68.934,
17-07-17 06:10:11.0,68.934,
17-07-17 06:25:11.0,69.278,
17-07-17 06:40:11.0,69.964,
17-07-17 06:55:11.0,69.964,
17-07-17 07:10:11.0,71.512,
17-07-17 07:25:11.0,73.234,
17-07-17 07:40:11.0,74.098,
17-07-17 07:55:11.0,72.545,
17-07-17 08:10:11.0,72.891,
17-07-17 08:25:11.0,73.062,
17-07-17 08:40:11.0,73.407,
17-07-17 08:55:11.0,74.098,
17-07-17 09:10:11.0,76.528,
17-07-17 09:25:11.0,76.006,
17-07-17 09:40:11.0,79.151,
17-07-17 09:55:11.0,81.090,
17-07-17 10:10:11.0,83.579,
17-07-17 10:25:11.0,84.834,
17-07-17 10:40:11.0,85.554,
17-07-17 10:55:11.0,82.508,
17-07-17 11:10:11.0,81.975,
17-07-17 11:25:11.0,81.797,
17-07-17 11:40:11.0,79.326,
17-07-17 11:48:25.0,,471.00
17-07-17 11:53:48.0,,472.00
17-07-17 11:55:00.0,,473.00
17-07-17 11:55:11.0,72.028,
17-07-17 11:56:18.0,,474.00
17-07-17 12:00:34.0,,475.00
17-07-17 12:03:30.0,,476.00
17-07-17 12:10:11.0,69.107,
17-07-17 12:12:40.0,,477.00
17-07-17 12:13:49.0,,478.00
17-07-17 12:15:04.0,,479.00
17-07-17 12:17:56.0,,480.00
17-07-17 12:22:02.0,,481.00
17-07-17 12:22:48.0,,482.00
17-07-17 12:24:00.0,,483.00
17-07-17 12:25:11.0,69.278,
17-07-17 12:25:59.0,,484.00
17-07-17 12:40:11.0,70.995,
17-07-17 12:55:11.0,72.545,
17-07-17 13:10:11.0,73.753,
17-07-17 13:25:11.0,75.139,
17-07-17 13:40:11.0,76.528,
17-07-17 13:55:11.0,78.449,
17-07-17 14:10:11.0,78.975,
17-07-17 14:25:11.0,79.326,
17-07-17 14:40:11.0,80.029,
17-07-17 14:55:11.0,79.853,
17-07-17 15:10:11.0,79.326,
17-07-17 15:25:11.0,78.800,
17-07-17 15:40:11.0,78.800,
17-07-17 15:55:11.0,80.206,
17-07-17 16:10:11.0,81.090,
17-07-17 16:25:11.0,81.090,
17-07-17 16:40:11.0,81.266,
17-07-17 16:55:11.0,80.911,
17-07-17 17:10:11.0,80.382,
17-07-17 17:25:11.0,80.029,
17-07-17 17:40:11.0,79.853,
17-07-17 17:55:11.0,78.975,
17-07-17 18:10:11.0,78.624,
17-07-17 18:25:11.0,78.274,
17-07-17 18:40:11.0,77.574,
17-07-17 18:55:11.0,76.703,
17-07-17 19:10:11.0,75.832,
17-07-17 19:25:11.0,75.139,
17-07-17 19:40:11.0,74.791,
17-07-17 19:55:11.0,74.619,
17-07-17 20:10:11.0,74.098,
17-07-17 20:25:11.0,74.098,
17-07-17 20:40:11.0,73.926,
17-07-17 20:55:11.0,73.580,
17-07-17 21:10:11.0,72.891,
17-07-17 21:25:11.0,72.545,
17-07-17 21:40:11.0,72.028,
17-07-17 21:55:11.0,71.856,
17-07-17 22:10:11.0,71.512,
17-07-17 22:25:11.0,71.168,
17-07-17 22:40:11.0,71.512,
17-07-17 22:55:11.0,70.995,
17-07-17 23:10:11.0,70.137,
17-07-17 23:25:11.0,69.449,
17-07-17 23:40:11.0,68.934,
17-07-17 23:55:11.0,68.763,
17-07-18 00:10:11.0,68.763,
17-07-18 00:25:11.0,68.934,
17-07-18 00:40:11.0,69.107,
17-07-18 00:55:11.0,69.622,
17-07-18 01:10:11.0,69.793,
17-07-18 01:25:11.0,69.793,
17-07-18 01:40:11.0,69.793,
17-07-18 01:55:11.0,69.107,
17-07-18 02:10:11.0,68.421,
17-07-18 02:25:11.0,68.077,
17-07-18 02:40:11.0,67.735,
17-07-18 02:55:11.0,67.735,
17-07-18 03:10:11.0,67.564,
17-07-18 03:25:11.0,67.392,
17-07-18 03:40:11.0,67.221,
17-07-18 03:55:11.0,67.050,
17-07-18 04:10:11.0,66.879,
17-07-18 04:25:11.0,66.708,
17-07-18 04:40:11.0,66.366,
17-07-18 04:55:11.0,66.193,
17-07-18 05:10:11.0,66.022,
17-07-18 05:25:11.0,65.851,
17-07-18 05:40:11.0,65.851,
17-07-18 05:55:11.0,66.366,
17-07-18 06:10:11.0,67.050,
17-07-18 06:25:11.0,68.934,
17-07-18 06:40:11.0,72.199,
17-07-18 06:55:11.0,74.619,
17-07-18 07:10:11.0,77.574,
17-07-18 07:25:11.0,79.326,
17-07-18 07:40:11.0,80.029,
17-07-18 07:55:11.0,80.911,
17-07-18 08:10:11.0,81.797,
17-07-18 08:25:11.0,82.686,
17-07-18 08:40:11.0,79.853,
17-07-18 08:55:11.0,78.800,
17-07-18 09:10:11.0,79.678,
17-07-18 09:25:11.0,82.508,
17-07-18 09:40:11.0,83.935,
17-07-18 09:55:11.0,84.474,
17-07-18 10:10:11.0,84.834,
17-07-18 10:25:11.0,86.459,
17-07-18 10:40:11.0,88.099,
17-07-18 10:55:11.0,87.733,
17-07-18 11:10:11.0,86.641,
17-07-18 11:25:11.0,89.938,
17-07-18 11:40:11.0,86.277,
17-07-18 11:55:11.0,85.374,
17-07-18 12:10:11.0,86.641,
17-07-18 12:25:11.0,89.017,
17-07-18 12:40:11.0,87.186,
17-07-18 12:55:11.0,90.124,
17-07-18 13:10:11.0,89.569,
17-07-18 13:25:11.0,91.987,
17-07-18 13:40:11.0,83.043,
17-07-18 13:40:57.0,,485.00
17-07-18 13:42:51.0,,486.00
17-07-18 13:44:38.0,,487.00
17-07-18 13:46:04.0,,488.00
17-07-18 13:47:02.0,,489.00
17-07-18 13:47:34.0,,490.00
17-07-18 13:48:20.0,,491.00
17-07-18 13:48:56.0,,492.00
17-07-18 13:49:35.0,,493.00
17-07-18 13:50:22.0,,494.00
17-07-18 13:51:22.0,,495.00
17-07-18 13:52:43.0,,496.00
17-07-18 13:54:48.0,,497.00
17-07-18 13:55:11.0,70.480,
17-07-18 13:57:57.0,,498.00
17-07-18 14:00:02.0,,499.00
17-07-18 14:01:16.0,,500.00
17-07-18 14:02:11.0,,501.00
17-07-18 14:02:54.0,,502.00
17-07-18 14:04:20.0,,503.00
17-07-18 14:05:50.0,,504.00
17-07-18 14:09:06.0,,505.00
17-07-18 14:10:11.0,67.906,
17-07-18 14:11:41.0,,506.00
17-07-18 14:15:09.0,,507.00
17-07-18 14:25:11.0,69.449,
17-07-18 14:40:11.0,70.824,
17-07-18 14:55:11.0,72.199,
17-07-18 15:10:11.0,73.234,
17-07-18 15:25:11.0,73.753,
17-07-18 15:40:11.0,74.446,
17-07-18 15:55:11.0,75.139,
17-07-18 16:10:11.0,75.832,
17-07-18 16:25:11.0,76.354,
17-07-18 16:40:11.0,77.050,
17-07-18 16:55:11.0,77.749,
17-07-18 17:10:11.0,78.098,
17-07-18 17:25:11.0,77.923,
17-07-18 17:40:11.0,77.050,
17-07-18 17:55:11.0,76.703,
17-07-18 18:10:11.0,76.703,
17-07-18 18:25:11.0,76.876,
17-07-18 18:40:11.0,76.528,
17-07-18 18:55:11.0,76.354,
17-07-18 19:10:11.0,75.832,
17-07-18 19:25:11.0,74.964,
17-07-18 19:40:11.0,73.926,
17-07-18 19:55:11.0,72.891,
17-07-18 20:10:11.0,72.718,
17-07-18 20:25:11.0,73.062,
17-07-18 20:40:11.0,73.926,
17-07-18 20:55:11.0,74.791,
17-07-18 21:10:11.0,75.139,
17-07-18 21:25:11.0,75.659,
17-07-18 21:40:11.0,75.484,
17-07-18 21:55:11.0,75.312,
17-07-18 22:10:11.0,76.006,
17-07-18 22:21:45.0,,508.00
17-07-18 22:25:11.0,76.006,
17-07-18 22:40:11.0,74.619,
17-07-18 22:49:39.0,,509.00
17-07-18 22:55:11.0,70.308,
17-07-18 22:56:06.0,,510.00
17-07-18 23:10:11.0,69.622,
17-07-18 23:25:11.0,72.545,
17-07-18 23:26:36.0,,511.00
17-07-18 23:29:36.0,,512.00
17-07-18 23:40:11.0,68.763,
17-07-18 23:55:11.0,68.763,
17-07-19 00:10:11.0,69.278,
17-07-19 00:25:11.0,69.449,
17-07-19 00:40:11.0,68.763,
17-07-19 00:55:11.0,68.421,
17-07-19 01:10:11.0,68.592,
17-07-19 01:25:11.0,68.421,
17-07-19 01:40:11.0,67.735,
17-07-19 01:55:11.0,67.221,
17-07-19 02:10:11.0,67.050,
17-07-19 02:25:11.0,67.221,
17-07-19 02:40:11.0,67.050,
17-07-19 02:55:11.0,67.050,
17-07-19 03:10:11.0,66.708,
17-07-19 03:25:11.0,66.879,
17-07-19 03:40:11.0,66.879,
17-07-19 03:55:11.0,66.366,
17-07-19 04:10:11.0,66.366,
17-07-19 04:25:11.0,66.537,
17-07-19 04:40:11.0,66.537,
17-07-19 04:55:11.0,66.708,
17-07-19 05:10:11.0,66.537,
17-07-19 05:25:11.0,66.193,
17-07-19 05:40:11.0,66.537,
17-07-19 05:55:11.0,67.221,
17-07-19 06:10:11.0,68.077,
17-07-19 06:25:11.0,69.622,
17-07-19 06:40:11.0,71.339,
17-07-19 06:55:11.0,72.028,
17-07-19 07:10:11.0,72.199,
17-07-19 07:25:11.0,72.891,
17-07-19 07:40:11.0,73.407,
17-07-19 07:55:11.0,74.446,
17-07-19 08:10:11.0,75.659,
17-07-19 08:25:11.0,76.181,
17-07-19 08:40:11.0,76.354,
17-07-19 08:55:11.0,78.274,
17-07-19 09:10:11.0,80.206,
17-07-19 09:25:11.0,82.686,
17-07-19 09:40:11.0,84.115,
17-07-19 09:55:11.0,86.097,
17-07-19 10:10:11.0,86.823,
17-07-19 10:25:11.0,87.733,
17-07-19 10:40:11.0,86.823,
17-07-19 10:55:11.0,86.097,
17-07-19 11:10:11.0,84.295,
17-07-19 11:25:11.0,87.915,
17-07-19 11:40:11.0,86.459,
17-07-19 11:55:11.0,83.757,
17-07-19 12:01:26.0,,513.00
17-07-19 12:06:24.0,,514.00
17-07-19 12:09:32.0,,515.00
17-07-19 12:10:11.0,80.382,
17-07-19 12:25:11.0,81.266,
17-07-19 12:26:50.0,,516.00
17-07-19 12:40:11.0,84.295,
17-07-19 12:55:11.0,86.823,
17-07-19 13:10:11.0,88.282,
17-07-19 13:25:11.0,88.466,
17-07-19 13:40:11.0,88.282,
17-07-19 13:55:11.0,89.200,
17-07-19 14:10:11.0,91.053,
17-07-19 14:25:11.0,91.425,
17-07-19 14:40:11.0,93.115,
17-07-19 14:55:11.0,93.873,
17-07-19 15:10:11.0,93.493,
17-07-19 15:25:11.0,94.062,
17-07-19 15:40:11.0,95.400,
17-07-19 15:55:11.0,95.016,
17-07-19 16:10:11.0,90.124,
17-07-19 16:25:11.0,87.004,
17-07-19 16:40:11.0,86.097,
17-07-19 16:55:11.0,81.975,
17-07-19 17:10:11.0,81.442,
17-07-19 17:25:11.0,80.735,
17-07-19 17:40:11.0,80.382,
17-07-19 17:55:11.0,80.206,
17-07-19 18:10:11.0,80.029,
17-07-19 18:25:11.0,79.853,
17-07-19 18:40:11.0,79.151,
17-07-19 18:55:11.0,78.449,
17-07-19 19:10:11.0,77.749,
17-07-19 19:25:11.0,77.225,
17-07-19 19:40:11.0,76.528,
17-07-19 19:55:11.0,75.832,
17-07-19 20:10:11.0,74.619,
17-07-19 20:25:11.0,74.098,
17-07-19 20:40:11.0,73.407,
17-07-19 20:55:11.0,72.199,
17-07-19 21:10:11.0,71.339,
17-07-19 21:25:11.0,71.339,
17-07-19 21:40:11.0,71.683,
17-07-19 21:55:11.0,71.683,
17-07-19 22:10:11.0,72.028,
17-07-19 22:25:11.0,72.199,
17-07-19 22:40:11.0,71.856,
17-07-19 22:55:11.0,72.372,
17-07-19 23:10:11.0,73.234,
17-07-19 23:25:11.0,74.446,
17-07-19 23:40:11.0,74.446,
17-07-19 23:55:11.0,74.271,
17-07-20 00:10:11.0,74.271,
17-07-20 00:25:11.0,73.926,
17-07-20 00:40:11.0,73.753,
17-07-20 00:55:11.0,73.407,
17-07-20 01:10:11.0,73.234,
17-07-20 01:25:11.0,71.168,
17-07-20 01:40:11.0,70.308,
17-07-20 01:55:11.0,70.308,
17-07-20 02:10:11.0,69.107,
17-07-20 02:25:11.0,68.248,
17-07-20 02:40:11.0,68.421,
17-07-20 02:55:11.0,68.934,
17-07-20 03:10:11.0,68.763,
17-07-20 03:25:11.0,69.278,
17-07-20 03:40:11.0,69.964,
17-07-20 03:55:11.0,69.622,
17-07-20 04:10:11.0,69.278,
17-07-20 04:25:11.0,68.763,
17-07-20 04:40:11.0,67.735,
17-07-20 04:55:11.0,67.221,
17-07-20 05:10:11.0,66.879,
17-07-20 05:25:11.0,66.879,
17-07-20 05:40:11.0,66.879,
17-07-20 05:55:11.0,66.708,
17-07-20 06:10:11.0,66.879,
17-07-20 06:25:11.0,67.221,
17-07-20 06:40:11.0,68.421,
17-07-20 06:55:11.0,70.308,
17-07-20 07:10:11.0,71.683,
17-07-20 07:25:11.0,72.891,
17-07-20 07:40:11.0,75.139,
17-07-20 07:55:11.0,77.749,
17-07-20 08:10:11.0,78.449,
17-07-20 08:25:11.0,79.678,
17-07-20 08:40:11.0,81.797,
17-07-20 08:55:11.0,83.221,
17-07-20 09:10:11.0,84.474,
17-07-20 09:25:11.0,85.194,
17-07-20 09:40:11.0,86.097,
17-07-20 09:55:11.0,86.641,
17-07-20 10:10:11.0,87.186,
17-07-20 10:25:11.0,87.368,
17-07-20 10:40:11.0,87.552,
17-07-20 10:43:17.0,,516.00
