date,year,month,tmin,tmean,tmax
1932-01,1932,1,-1.8,5.8,13.3
1932-02,1932,2,3.9,11.3,18.8
1932-03,1932,3,5.1,13.3,21.5
1932-04,1932,4,8.7,17.4,26.1
1932-05,1932,5,11.9,20.8,29.6
1932-06,1932,6,16.9,25.3,33.8
1932-07,1932,7,19.4,26.1,32.8
1932-08,1932,8,19.3,25.7,32.1
1932-09,1932,9,17.5,24.6,31.7
1932-10,1932,10,10.1,17.7,25.3
1932-11,1932,11,6.1,15.2,24.3
1932-12,1932,12,0.5,7.6,14.6
1933-01,1933,1,0,7.3,14.6
1933-02,1933,2,-0.2,6.9,13.9
1933-03,1933,3,4.3,13.6,22.8
1933-04,1933,4,6.5,14.5,22.4
1933-05,1933,5,9.8,18.1,26.5
1933-06,1933,6,18,25.9,33.7
1933-07,1933,7,20.5,27.5,34.5
1933-08,1933,8,19.8,26.4,33
1933-09,1933,9,17.9,24.8,31.6
1933-10,1933,10,13.1,20.2,27.3
1933-11,1933,11,6.7,14.6,22.5
1933-12,1933,12,3,11.3,19.5
1934-01,1934,1,0.7,8.7,16.7
1934-02,1934,2,4.7,12.2,19.7
1934-03,1934,3,8.6,16.6,24.7
1934-04,1934,4,10.6,18.4,26.3
1934-05,1934,5,15.3,23.4,31.5
1934-06,1934,6,16.3,24.7,33.1
1934-07,1934,7,20.4,27.6,34.7
1934-08,1934,8,18.5,24.5,30.4
1934-09,1934,9,17.2,24.2,31.3
1934-10,1934,10,12.6,20.7,28.8
1934-11,1934,11,6,13.2,20.4
1934-12,1934,12,3.6,10.5,17.3
1935-01,1935,1,3.7,10.3,17
1935-02,1935,2,3.1,9.9,16.7
1935-03,1935,3,4.4,11.8,19.2
1935-04,1935,4,8.7,16.6,24.5
1935-05,1935,5,10.6,18.5,26.4
1935-06,1935,6,18.6,26.5,34.4
1935-07,1935,7,20.3,27.3,34.2
1935-08,1935,8,19.1,24.6,30.1
1935-09,1935,9,16.5,22.6,28.8
1935-10,1935,10,11,18.9,26.8
1935-11,1935,11,4.6,11.8,19
1935-12,1935,12,2.4,9,15.6
1936-01,1936,1,1.9,9.1,16.2
1936-02,1936,2,3.2,9.6,16
1936-03,1936,3,7,13.6,20.3
1936-04,1936,4,10.3,18,25.7
1936-05,1936,5,15.1,22.8,30.6
1936-06,1936,6,19.1,27.3,35.5
1936-07,1936,7,20.5,27.5,34.4
1936-08,1936,8,19.3,25.5,31.8
1936-09,1936,9,16.1,22.7,29.2
1936-10,1936,10,11.7,18.6,25.4
1936-11,1936,11,7.3,13.2,19.1
1936-12,1936,12,2.5,8.9,15.4
1937-01,1937,1,-2.7,3.5,9.6
1937-02,1937,2,3.3,10,16.8
1937-03,1937,3,4.5,11.6,18.6
1937-04,1937,4,7.4,15.8,24.1
1937-05,1937,5,13.8,21.8,29.7
1937-06,1937,6,17.5,25.3,33.1
1937-07,1937,7,20.2,27.1,34
1937-08,1937,8,20.2,26.3,32.5
1937-09,1937,9,17.8,24.1,30.5
1937-10,1937,10,11.8,19.7,27.6
1937-11,1937,11,5.5,13.9,22.4
1937-12,1937,12,4.4,10.6,16.8
1938-01,1938,1,2.1,9.5,16.9
1938-02,1938,2,3.6,10.3,17
1938-03,1938,3,4.6,12,19.4
1938-04,1938,4,7.5,16.1,24.8
1938-05,1938,5,12.7,20.6,28.6
1938-06,1938,6,18.1,25.9,33.7
1938-07,1938,7,19.2,25.3,31.4
1938-08,1938,8,18.7,24.9,31
1938-09,1938,9,17.6,23.9,30.3
1938-10,1938,10,10.9,18.6,26.3
1938-11,1938,11,3,11.3,19.6
1938-12,1938,12,4.3,10.7,17
1939-01,1939,1,1.6,8,14.4
1939-02,1939,2,-2,4.9,11.8
1939-03,1939,3,4.7,12.7,20.7
1939-04,1939,4,8.6,17,25.4
1939-05,1939,5,13.2,21.5,29.9
1939-06,1939,6,19,26.7,34.4
1939-07,1939,7,19.9,26.5,33.2
1939-08,1939,8,18.9,25.1,31.4
1939-09,1939,9,16.7,22.9,29
1939-10,1939,10,9.8,17.3,24.7
1939-11,1939,11,8.7,14.3,20
1939-12,1939,12,5.2,12,18.9
1940-01,1940,1,3.1,9.5,15.9
1940-02,1940,2,3.2,9.4,15.7
1940-03,1940,3,6,13.4,20.8
1940-04,1940,4,8.8,16,23.3
1940-05,1940,5,14,21.8,29.7
1940-06,1940,6,18.1,25.7,33.4
1940-07,1940,7,20.3,27.2,34.1
1940-08,1940,8,19.2,25.7,32.2
1940-09,1940,9,17.3,23.6,29.8
1940-10,1940,10,12.4,19,25.6
1940-11,1940,11,5.2,12,18.9
1940-12,1940,12,6.1,11.8,17.4
1941-01,1941,1,3.2,8.8,14.4
1941-02,1941,2,4.9,11.3,17.7
1941-03,1941,3,5,11.5,18.1
1941-04,1941,4,5.9,12.8,19.6
1941-05,1941,5,11.3,19.5,27.6
1941-06,1941,6,16.5,24.4,32.3
1941-07,1941,7,20.2,26.9,33.6
1941-08,1941,8,18.4,24.8,31.2
1941-09,1941,9,15.9,22.8,29.6
1941-10,1941,10,9.9,16.9,23.9
1941-11,1941,11,6.7,14,21.4
1941-12,1941,12,3,9.5,16.1
1942-01,1942,1,2.8,9.8,16.8
1942-02,1942,2,2,8.7,15.5
1942-03,1942,3,3.3,11.2,19.1
1942-04,1942,4,7.4,15.2,23.1
1942-05,1942,5,11.9,20.5,29
1942-06,1942,6,17.7,25.9,34.2
1942-07,1942,7,21,28.3,35.6
1942-08,1942,8,19.2,25.7,32.1
1942-09,1942,9,17.2,24.1,31
1942-10,1942,10,11.1,17.9,24.8
1942-11,1942,11,7.6,15.2,22.9
1942-12,1942,12,3.7,10.7,17.8
1943-01,1943,1,3.4,9.7,16.1
1943-02,1943,2,4.9,12.5,20
1943-03,1943,3,6.6,13.8,21
1943-04,1943,4,10.5,18.7,26.8
1943-05,1943,5,13.9,22.1,30.2
1943-06,1943,6,18.2,25.5,32.8
1943-07,1943,7,20.5,27.3,34.1
1943-08,1943,8,18.9,24.4,30
1943-09,1943,9,17.8,24.4,31
1943-10,1943,10,11.7,18.9,26.1
1943-11,1943,11,6.9,14.5,22.1
1943-12,1943,12,2.5,8.9,15.4
1944-01,1944,1,0.8,8.1,15.4
1944-02,1944,2,1.3,8.1,15
1944-03,1944,3,4,11.4,18.8
1944-04,1944,4,6.6,14.5,22.4
1944-05,1944,5,12.2,20,27.8
1944-06,1944,6,15.4,24,32.6
1944-07,1944,7,20.2,27.1,34.1
1944-08,1944,8,20.2,26.6,33.1
1944-09,1944,9,16.5,23.3,30.1
1944-10,1944,10,12.9,20.1,27.3
1944-11,1944,11,3.8,10.5,17.3
1944-12,1944,12,2.5,9.6,16.7
1945-01,1945,1,1.7,8.1,14.5
1945-02,1945,2,2.8,10,17.1
1945-03,1945,3,2.6,9.8,16.9
1945-04,1945,4,7.2,14.9,22.5
1945-05,1945,5,12.3,20.5,28.6
1945-06,1945,6,14.6,23.4,32.3
1945-07,1945,7,19.6,26.6,33.6
1945-08,1945,8,18.7,24.9,31.2
1945-09,1945,9,16.8,23.9,31
1945-10,1945,10,11.8,19.1,26.3
1945-11,1945,11,4.9,13.3,21.7
1945-12,1945,12,1.3,8.7,16
1946-01,1946,1,0.4,7,13.7
1946-02,1946,2,0.9,9.3,17.6
1946-03,1946,3,4.7,12.9,21
1946-04,1946,4,10.9,19,27
1946-05,1946,5,11.4,19.8,28.1
1946-06,1946,6,18.8,27.2,35.6
1946-07,1946,7,19.2,26,32.8
1946-08,1946,8,18.5,24.7,30.9
1946-09,1946,9,17.4,23.7,30.1
1946-10,1946,10,8.8,16.2,23.6
1946-11,1946,11,2.6,10.4,18.2
1946-12,1946,12,3.6,11.1,18.6
1947-01,1947,1,-0.4,6.5,13.4
1947-02,1947,2,4.2,12.3,20.4
1947-03,1947,3,4.6,12.8,20.9
1947-04,1947,4,7.9,16,24
1947-05,1947,5,13.8,22,30.1
1947-06,1947,6,16.3,24.7,33
1947-07,1947,7,20.1,27.7,35.3
1947-08,1947,8,18.7,24.8,30.9
1947-09,1947,9,17.9,25,32.2
1947-10,1947,10,10.9,19,27.1
1947-11,1947,11,3.1,10.2,17.4
1947-12,1947,12,0.1,7.3,14.5
1948-01,1948,1,0.7,9,17.3
1948-02,1948,2,1,8.3,15.6
1948-03,1948,3,2.5,9.6,16.7
1948-04,1948,4,9.1,17.4,25.8
1948-05,1948,5,12.7,21.4,30.2
1948-06,1948,6,17.3,25.7,34.1
1948-07,1948,7,20.5,27.3,34
1948-08,1948,8,19.4,25.9,32.4
1948-09,1948,9,17.3,24.6,31.9
1948-10,1948,10,11.4,18.5,25.5
1948-11,1948,11,2.2,10.3,18.4
1948-12,1948,12,2.8,9.4,16.1
1949-01,1949,1,-2,3.3,8.6
1949-02,1949,2,0.4,7.9,15.5
1949-03,1949,3,4.2,12.2,20.1
1949-04,1949,4,8.6,16.5,24.5
1949-05,1949,5,12,20.4,28.8
1949-06,1949,6,17.2,25.3,33.3
1949-07,1949,7,19.3,25.7,32.1
1949-08,1949,8,19,25.9,32.7
1949-09,1949,9,17.9,24.6,31.3
1949-10,1949,10,9.5,16.7,23.9
1949-11,1949,11,7.5,16,24.4
1949-12,1949,12,1.5,8.8,16
1950-01,1950,1,1.3,9,16.7
1950-02,1950,2,3.9,11.7,19.5
1950-03,1950,3,5.7,13.6,21.5
1950-04,1950,4,9.9,18.5,27.1
1950-05,1950,5,11.7,19.9,28.2
1950-06,1950,6,17.2,25.8,34.3
1950-07,1950,7,18.8,24.8,30.8
1950-08,1950,8,19.4,26,32.6
1950-09,1950,9,16.1,23.3,30.5
1950-10,1950,10,15,23,30.9
1950-11,1950,11,8.1,16.2,24.3
1950-12,1950,12,5.6,13.2,20.9
1951-01,1951,1,1.5,8.5,15.4
1951-02,1951,2,2.9,9.8,16.8
1951-03,1951,3,4.8,12.3,19.8
1951-04,1951,4,7.8,15.5,23.2
1951-05,1951,5,12.1,20.5,28.9
1951-06,1951,6,16.1,24.8,33.5
1951-07,1951,7,21.2,28.1,35
1951-08,1951,8,19.5,25.8,32.1
1951-09,1951,9,18.4,25.9,33.4
1951-10,1951,10,12.5,19.7,27
1951-11,1951,11,5.6,12.5,19.4
1951-12,1951,12,2.9,9.3,15.6
1952-01,1952,1,2.6,9.4,16.3
1952-02,1952,2,1.4,8.8,16.1
1952-03,1952,3,1.2,8.6,16
1952-04,1952,4,7.6,15.2,22.9
1952-05,1952,5,13.5,21.8,30
1952-06,1952,6,17.6,25.7,33.9
1952-07,1952,7,20.5,27.5,34.5
1952-08,1952,8,19.8,26,32.3
1952-09,1952,9,18.4,25.7,33
1952-10,1952,10,11.9,21.3,30.7
1952-11,1952,11,4.1,11.1,18
1952-12,1952,12,1,7.9,14.8
1953-01,1953,1,3.1,11,19
1953-02,1953,2,1.2,9.2,17.2
1953-03,1953,3,5.8,13.3,20.9
1953-04,1953,4,7.7,15.7,23.6
1953-05,1953,5,9.1,17.6,26.1
1953-06,1953,6,18.5,26.7,34.8
1953-07,1953,7,19.9,26.2,32.5
1953-08,1953,8,19.6,26.6,33.6
1953-09,1953,9,14.5,24.7,34.8
1953-10,1953,10,11.6,19.5,27.4
1953-11,1953,11,7,14.6,22.2
1953-12,1953,12,-0.1,7.7,15.5
1954-01,1954,1,2.7,10.2,17.8
1954-02,1954,2,6.2,13.9,21.6
1954-03,1954,3,5.1,12.3,19.5
1954-04,1954,4,10.5,18.9,27.2
1954-05,1954,5,11.7,20.5,29.4
1954-06,1954,6,16.8,25.2,33.6
1954-07,1954,7,20,26.2,32.4
1954-08,1954,8,18.1,23.8,29.5
1954-09,1954,9,17.7,24.5,31.4
1954-10,1954,10,13,20.7,28.4
1954-11,1954,11,7,15.1,23.2
1954-12,1954,12,3,10.8,18.7
1955-01,1955,1,-0.4,6.2,12.7
1955-02,1955,2,-0.1,7.9,15.8
1955-03,1955,3,4.8,13,21.2
1955-04,1955,4,7.3,16,24.7
1955-05,1955,5,11.3,19.6,27.9
1955-06,1955,6,17.2,25.6,34
1955-07,1955,7,18.5,25.5,32.5
1955-08,1955,8,17.4,23.1,28.8
1955-09,1955,9,16.5,24,31.4
1955-10,1955,10,12.8,20.6,28.5
1955-11,1955,11,5.2,13,20.9
1955-12,1955,12,4.1,11.7,19.3
1956-01,1956,1,4.5,11.7,18.8
1956-02,1956,2,-0.1,7.2,14.5
1956-03,1956,3,3.3,13.1,23
1956-04,1956,4,6.1,15,23.8
1956-05,1956,5,13,21.9,30.9
1956-06,1956,6,19.6,27.4,35.1
1956-07,1956,7,19.4,26.4,33.3
1956-08,1956,8,18.9,25.6,32.3
1956-09,1956,9,16.2,25.3,34.3
1956-10,1956,10,10.9,19.1,27.4
1956-11,1956,11,4.3,12.4,20.4
1956-12,1956,12,2,9.5,17.1
1957-01,1957,1,3.3,9.6,15.9
1957-02,1957,2,6.6,13.8,20.9
1957-03,1957,3,5.5,12.5,19.5
1957-04,1957,4,7.3,15.6,23.9
1957-05,1957,5,10.3,18.5,26.7
1957-06,1957,6,19.2,27,34.8
1957-07,1957,7,20.8,27.3,33.9
1957-08,1957,8,18.1,24.8,31.5
1957-09,1957,9,14.5,23.6,32.6
1957-10,1957,10,10.2,17.1,24
1957-11,1957,11,2.4,10,17.5
1957-12,1957,12,2.2,10.5,18.9
1958-01,1958,1,-0.2,8.1,16.3
1958-02,1958,2,3.2,10.7,18.2
1958-03,1958,3,2.8,9.4,16
1958-04,1958,4,6.2,14.8,23.4
1958-05,1958,5,13.6,22.9,32.1
1958-06,1958,6,18.8,26.8,34.9
1958-07,1958,7,20.6,27,33.5
1958-08,1958,8,19.3,25,30.6
1958-09,1958,9,15.9,23.1,30.4
1958-10,1958,10,11.5,18.7,25.8
1958-11,1958,11,4.4,12.3,20.2
1958-12,1958,12,2.2,11.4,20.6
1959-01,1959,1,1.3,10.3,19.3
1959-02,1959,2,0.7,8.9,17.1
1959-03,1959,3,3.4,12.6,21.8
1959-04,1959,4,8.7,17.7,26.6
1959-05,1959,5,10.3,19.5,28.7
1959-06,1959,6,19.4,27.1,34.8
1959-07,1959,7,19.8,26.5,33.2
1959-08,1959,8,18.3,23.7,29
1959-09,1959,9,16.6,23.6,30.6
1959-10,1959,10,11.6,19.1,26.5
1959-11,1959,11,6.4,12.8,19.3
1959-12,1959,12,2.8,9.2,15.5
1960-01,1960,1,-0.1,6.5,13.1
1960-02,1960,2,0.1,7.3,14.5
1960-03,1960,3,6.5,14.8,23.1
1960-04,1960,4,8.9,17.2,25.5
1960-05,1960,5,12.2,20.7,29.3
1960-06,1960,6,19.9,27.8,35.7
1960-07,1960,7,20.9,27.8,34.7
1960-08,1960,8,19.7,26.2,32.7
1960-09,1960,9,18.2,25.2,32.1
1960-10,1960,10,11,17.9,24.7
1960-11,1960,11,6.8,14.1,21.5
1960-12,1960,12,0.6,8.3,16.1
1961-01,1961,1,3.2,10.1,17
1961-02,1961,2,2.6,10.3,18
1961-03,1961,3,5.2,13,20.8
1961-04,1961,4,8.7,17.1,25.6
1961-05,1961,5,12.7,21.3,29.9
1961-06,1961,6,18.7,27,35.4
1961-07,1961,7,19.5,26.7,33.8
1961-08,1961,8,17.9,24.3,30.6
1961-09,1961,9,15.2,21.7,28.3
1961-10,1961,10,10.9,18.1,25.3
1961-11,1961,11,4,10.7,17.4
1961-12,1961,12,2.3,8.7,15.1
1962-01,1962,1,1,7.8,14.6
1962-02,1962,2,3.7,10.7,17.8
1962-03,1962,3,2.3,9.8,17.3
1962-04,1962,4,11.1,19,27
1962-05,1962,5,11.3,19.8,28.3
1962-06,1962,6,16.4,24.8,33.1
1962-07,1962,7,19.3,26.2,33
1962-08,1962,8,20.5,27.6,34.8
1962-09,1962,9,17.7,24.1,30.6
1962-10,1962,10,11.8,19.5,27.1
1962-11,1962,11,7.6,14.7,21.8
1962-12,1962,12,3.7,10,16.4
1963-01,1963,1,0.5,7.5,14.5
1963-02,1963,2,5.3,12.6,19.8
1963-03,1963,3,4.6,12.5,20.3
1963-04,1963,4,7.1,15.4,23.7
1963-05,1963,5,13.9,22.4,30.9
1963-06,1963,6,16.1,24.5,32.9
1963-07,1963,7,20.9,27.8,34.7
1963-08,1963,8,18.5,23.9,29.4
1963-09,1963,9,17.3,24.1,30.8
1963-10,1963,10,12.2,20.4,28.6
1963-11,1963,11,5.8,12.8,19.8
1963-12,1963,12,2.1,9.6,17.1
1964-01,1964,1,-1.8,6.8,15.4
1964-02,1964,2,-1,7,15
1964-03,1964,3,3.1,10.3,17.6
1964-04,1964,4,6.8,14.6,22.3
1964-05,1964,5,11.6,20.4,29.2
1964-06,1964,6,16.4,24.8,33.2
1964-07,1964,7,20.2,26.8,33.3
1964-08,1964,8,18.2,23.9,29.5
1964-09,1964,9,15.1,21.5,27.9
1964-10,1964,10,12.5,19.9,27.3
1964-11,1964,11,3.6,11,18.5
1964-12,1964,12,3.2,10,16.8
1965-01,1965,1,2.7,10.1,17.6
1965-02,1965,2,1.7,9.2,16.6
1965-03,1965,3,3.2,11,18.8
1965-04,1965,4,8.1,16,23.9
1965-05,1965,5,10.3,19,27.8
1965-06,1965,6,13.7,22.6,31.6
1965-07,1965,7,19.1,26.2,33.2
1965-08,1965,8,19.4,26.3,33.1
1965-09,1965,9,15.3,22.5,29.6
1965-10,1965,10,12.9,20.9,29
1965-11,1965,11,8.1,15.1,22.1
1965-12,1965,12,2.9,9.2,15.5
1966-01,1966,1,0.1,7.1,14
1966-02,1966,2,0.1,7.2,14.2
1966-03,1966,3,6.2,14,21.9
1966-04,1966,4,9.4,17.2,25
1966-05,1966,5,13.6,22,30.4
1966-06,1966,6,17.2,25.6,34
1966-07,1966,7,20.3,27,33.8
1966-08,1966,8,18.6,24.9,31.2
1966-09,1966,9,16.4,22.7,29
1966-10,1966,10,10.2,18.3,26.3
1966-11,1966,11,7,14.7,22.5
1966-12,1966,12,2.5,9.9,17.3
1967-01,1967,1,1.4,9.7,17.9
1967-02,1967,2,3.1,11.8,20.4
1967-03,1967,3,5.9,14.8,23.7
1967-04,1967,4,5.5,14.6,23.6
1967-05,1967,5,11.3,20,28.7
1967-06,1967,6,15.1,23.8,32.5
1967-07,1967,7,18.6,25.6,32.6
1967-08,1967,8,18.1,25.2,32.3
1967-09,1967,9,16.1,23.3,30.6
1967-10,1967,10,11.1,19.5,28
1967-11,1967,11,7.3,15,22.7
1967-12,1967,12,0.4,7.3,14.2
1968-01,1968,1,1.7,9,16.2
1968-02,1968,2,4.7,12.2,19.7
1968-03,1968,3,4.4,11.9,19.5
1968-04,1968,4,5.7,14.1,22.4
1968-05,1968,5,10.4,19.8,29.1
1968-06,1968,6,16.8,26,35.1
1968-07,1968,7,17.8,25.5,33.1
1968-08,1968,8,16,23.2,30.5
1968-09,1968,9,15.1,23.4,31.8
1968-10,1968,10,10.1,19.6,29
1968-11,1968,11,3.4,11.9,20.4
1968-12,1968,12,0,8.4,16.9
1969-01,1969,1,3.6,11,18.3
1969-02,1969,2,1.6,9.2,16.8
1969-03,1969,3,1.8,10.3,18.8
1969-04,1969,4,7.5,16.7,25.9
1969-05,1969,5,11.8,20.8,29.9
1969-06,1969,6,14.2,24.1,34.1
1969-07,1969,7,18.8,26.3,33.8
1969-08,1969,8,18.8,26.3,33.8
1969-09,1969,9,16.5,24.2,31.9
1969-10,1969,10,8,17,25.9
1969-11,1969,11,4.6,12.2,19.9
1969-12,1969,12,3,10.3,17.5
1970-01,1970,1,0.1,8.5,17
1970-02,1970,2,2.6,11.3,20.1
1970-03,1970,3,1.8,10.4,18.9
1970-04,1970,4,4.5,13.7,22.8
1970-05,1970,5,12.7,21.7,30.8
1970-06,1970,6,17.5,26.2,35
1970-07,1970,7,19.7,27.3,35
1970-08,1970,8,18.1,25.2,32.4
1970-09,1970,9,14.7,22,29.2
1970-10,1970,10,7.3,16.1,25
1970-11,1970,11,5.4,14.1,22.8
1970-12,1970,12,2.6,10.3,18.1
1971-01,1971,1,0.7,9.5,18.3
1971-02,1971,2,1.7,9.8,17.9
1971-03,1971,3,4.6,13.9,23.2
1971-04,1971,4,5.9,15.3,24.6
1971-05,1971,5,9.6,18.8,28
1971-06,1971,6,16,24.9,33.8
1971-07,1971,7,19.4,27.2,35
1971-08,1971,8,17.7,24.2,30.7
1971-09,1971,9,15,22.8,30.5
1971-10,1971,10,7.6,15.4,23.2
1971-11,1971,11,3.4,11.6,19.8
1971-12,1971,12,1.2,7.6,14.1
1972-01,1972,1,0.4,9.3,18.1
1972-02,1972,2,3.7,12.1,20.5
1972-03,1972,3,8.8,17.2,25.6
1972-04,1972,4,7.6,16.9,26.3
1972-05,1972,5,11.2,20.1,29.1
1972-06,1972,6,15.2,23.9,32.7
1972-07,1972,7,19.2,27,34.7
1972-08,1972,8,18.1,25.3,32.4
1972-09,1972,9,15.1,22.8,30.6
1972-10,1972,10,10.9,17.5,24.1
1972-11,1972,11,1.4,9.7,18.1
1972-12,1972,12,0.8,8.1,15.4
1973-01,1973,1,-1,7.3,15.7
1973-02,1973,2,1.4,9.1,16.7
1973-03,1973,3,1.3,8.6,15.9
1973-04,1973,4,5.7,13.7,21.6
1973-05,1973,5,11.9,20.9,29.9
1973-06,1973,6,16.9,25.4,34
1973-07,1973,7,17.9,25.8,33.7
1973-08,1973,8,18.6,26.2,33.9
1973-09,1973,9,15,23.9,32.8
1973-10,1973,10,9.9,19.1,28.3
1973-11,1973,11,4.3,13.1,21.9
1973-12,1973,12,1.1,10,18.9
1974-01,1974,1,1.1,8.5,16
1974-02,1974,2,0.3,9.6,18.9
1974-03,1974,3,5.4,13.7,22
1974-04,1974,4,8,16.9,25.8
1974-05,1974,5,11.4,20.9,30.4
1974-06,1974,6,19.4,28.2,37
1974-07,1974,7,17.6,24.8,31.9
1974-08,1974,8,17.5,24.7,31.9
1974-09,1974,9,15.9,22.9,29.9
1974-10,1974,10,11.1,18.5,25.8
1974-11,1974,11,4.1,12.3,20.4
1974-12,1974,12,-1,7.2,15.3
1975-01,1975,1,0.9,9.1,17.4
1975-02,1975,2,0.9,9,17.1
1975-03,1975,3,3.6,11.5,19.4
1975-04,1975,4,4.7,13.3,21.9
1975-05,1975,5,10.5,19.4,28.3
1975-06,1975,6,15.9,25,34.1
1975-07,1975,7,18.8,25.9,32.9
1975-08,1975,8,19.3,26.8,34.3
1975-09,1975,9,16.8,23.5,30.3
1975-10,1975,10,10.7,19.2,27.6
1975-11,1975,11,5.1,13.7,22.4
1975-12,1975,12,2,9.6,17.3
1976-01,1976,1,1.8,9.7,17.5
1976-02,1976,2,3.8,11.8,19.8
1976-03,1976,3,3.7,12.1,20.5
1976-04,1976,4,6.3,15.1,23.8
1976-05,1976,5,11.4,20.2,29.1
1976-06,1976,6,15.4,25.1,34.8
1976-07,1976,7,17,24.5,32
1976-08,1976,8,16.6,24.8,32.9
1976-09,1976,9,14.8,22.1,29.4
1976-10,1976,10,9,16.7,24.3
1976-11,1976,11,3.3,11.7,20.2
1976-12,1976,12,-0.4,8.1,16.5
1977-01,1977,1,0.2,7.3,14.4
1977-02,1977,2,1.9,11.2,20.5
1977-03,1977,3,0.5,9.8,19.2
1977-04,1977,4,4.8,15.3,25.7
1977-05,1977,5,8.1,17.8,27.6
1977-06,1977,6,15.7,25.3,34.9
1977-07,1977,7,19.8,26.8,33.7
1977-08,1977,8,18.5,25.7,33
1977-09,1977,9,15.3,23.5,31.7
1977-10,1977,10,11.5,19.4,27.2
1977-11,1977,11,4.9,13.6,22.4
1977-12,1977,12,3.8,11.5,19.2
1978-01,1978,1,3.1,9.6,16.1
1978-02,1978,2,2.2,9.6,17
1978-03,1978,3,6.8,14.2,21.6
1978-04,1978,4,6.3,15.8,25.3
1978-05,1978,5,10.9,19.9,28.8
1978-06,1978,6,18.4,27.3,36.2
1978-07,1978,7,20.5,28.1,35.7
1978-08,1978,8,18.5,25.9,33.4
1978-09,1978,9,15.2,23.1,31
1978-10,1978,10,12.1,19.9,27.7
1978-11,1978,11,5,12.2,19.3
1978-12,1978,12,0.2,7.2,14.3
1979-01,1979,1,-0.3,6.4,13.2
1979-02,1979,2,1.2,9.7,18.2
1979-03,1979,3,3.4,11.4,19.4
1979-04,1979,4,6.6,16.5,26.3
1979-05,1979,5,11.6,19.7,27.7
1979-06,1979,6,17.3,25.7,34.2
1979-07,1979,7,19,27.7,36.4
1979-08,1979,8,16.5,24.1,31.6
1979-09,1979,9,16.7,25,33.3
1979-10,1979,10,11.7,20.6,29.6
1979-11,1979,11,1.1,10.8,20.5
1979-12,1979,12,2,10.8,19.6
1980-01,1980,1,1.9,9.7,17.5
1980-02,1980,2,4.1,12.4,20.7
1980-03,1980,3,3.3,11.5,19.8
1980-04,1980,4,5.5,15.7,25.9
1980-05,1980,5,8.8,18.7,28.5
1980-06,1980,6,16,26.9,37.8
1980-07,1980,7,20.4,28.1,35.8
1980-08,1980,8,18.2,25.4,32.7
1980-09,1980,9,15.8,24,32.3
1980-10,1980,10,10.2,18.3,26.3
1980-11,1980,11,2.7,12.4,22.1
1980-12,1980,12,4.3,12.4,20.5
1981-01,1981,1,4,10.5,17
1981-02,1981,2,4.6,12.9,21.1
1981-03,1981,3,3.6,11.7,19.8
1981-04,1981,4,9.2,17.6,26
1981-05,1981,5,11.4,20,28.5
1981-06,1981,6,18,27,36
1981-07,1981,7,19.3,26.7,34.1
1981-08,1981,8,18.6,26,33.4
1981-09,1981,9,16,23.9,31.7
1981-10,1981,10,10.5,18.1,25.8
1981-11,1981,11,5.9,14.8,23.7
1981-12,1981,12,2.7,11.3,19.9
1982-01,1982,1,2.1,9.3,16.4
1982-02,1982,2,3.4,10.8,18.3
1982-03,1982,3,4.5,12.5,20.6
1982-04,1982,4,7.5,16.6,25.7
1982-05,1982,5,10.6,19.6,28.5
1982-06,1982,6,14.4,24.3,34.2
1982-07,1982,7,18.8,26.4,34.1
1982-08,1982,8,18.6,25.7,32.8
1982-09,1982,9,16.3,23.9,31.6
1982-10,1982,10,8.2,17.7,27.1
1982-11,1982,11,5.8,12.4,19
1982-12,1982,12,2,8.4,14.7
1983-01,1983,1,2,9.2,16.4
1983-02,1983,2,2.7,9.8,16.8
1983-03,1983,3,3.1,10.5,17.8
1983-04,1983,4,3.7,12,20.4
1983-05,1983,5,10.9,19.8,28.6
1983-06,1983,6,14.3,23.8,33.2
1983-07,1983,7,18.3,26.5,34.8
1983-08,1983,8,16.9,24.4,32
1983-09,1983,9,16.5,23.9,31.3
1983-10,1983,10,11.6,18,24.4
1983-11,1983,11,4.5,11.7,18.8
1983-12,1983,12,2.5,9.9,17.3
1984-01,1984,1,1.5,8.6,15.7
1984-02,1984,2,2,10.1,18.2
1984-03,1984,3,5.4,13.7,22.1
1984-04,1984,4,7.6,15.5,23.4
1984-05,1984,5,14.2,23,31.7
1984-06,1984,6,16.8,24.9,33.1
1984-07,1984,7,17.6,24.5,31.5
1984-08,1984,8,16.5,23.6,30.6
1984-09,1984,9,16.5,23.3,30.2
1984-10,1984,10,9.4,16,22.7
1984-11,1984,11,4.5,12.4,20.3
1984-12,1984,12,1.7,8.4,15.1
1985-01,1985,1,1.5,7.3,13.2
1985-02,1985,2,1.4,8.7,16
1985-03,1985,3,4.3,12.2,20.2
1985-04,1985,4,9.5,17.5,25.4
1985-05,1985,5,12.6,21.3,29.9
1985-06,1985,6,18.8,27.1,35.5
1985-07,1985,7,19.1,27,34.8
1985-08,1985,8,18.8,25.7,32.6
1985-09,1985,9,15,22.1,29.3
1985-10,1985,10,11.3,18.2,25.2
1985-11,1985,11,4.9,12.1,19.2
1985-12,1985,12,2.6,10.2,17.9
1986-01,1986,1,4.5,12.3,20.2
1986-02,1986,2,4.3,11.3,18.2
1986-03,1986,3,7.6,14.7,21.7
1986-04,1986,4,10,17.7,25.4
1986-05,1986,5,13.9,21.9,29.9
1986-06,1986,6,18.3,26.2,34.1
1986-07,1986,7,18.8,25.1,31.4
1986-08,1986,8,19.6,25.8,32
1986-09,1986,9,15.5,22.8,30.1
1986-10,1986,10,10.6,18,25.4
1986-11,1986,11,6.4,13.2,20.1
1986-12,1986,12,2.3,8.7,15.1
1987-01,1987,1,0,7.9,15.8
1987-02,1987,2,3,9.6,16.3
1987-03,1987,3,3.7,11,18.4
1987-04,1987,4,10.2,17.5,24.8
1987-05,1987,5,12.1,19.5,26.9
1987-06,1987,6,18.1,26.1,34.1
1987-07,1987,7,19.9,27.1,34.2
1987-08,1987,8,18.6,24.7,30.8
1987-09,1987,9,16.6,22.9,29.3
1987-10,1987,10,13.7,20.9,28.2
1987-11,1987,11,5.2,12.2,19.3
1987-12,1987,12,0.6,7.7,14.8
1988-01,1988,1,1.6,8.7,15.8
1988-02,1988,2,4,11.7,19.4
1988-03,1988,3,5.2,13.2,21.2
1988-04,1988,4,8,15.6,23.1
1988-05,1988,5,12.6,20.8,28.9
1988-06,1988,6,18.4,26.5,34.6
1988-07,1988,7,19.7,26.5,33.4
1988-08,1988,8,19.2,24.8,30.3
1988-09,1988,9,16.7,23.8,30.8
1988-10,1988,10,13.4,20.5,27.5
1988-11,1988,11,5.3,12.9,20.5
1988-12,1988,12,1.6,8.6,15.7
1989-01,1989,1,-0.1,7.2,14.6
1989-02,1989,2,4.2,11.9,19.7
1989-03,1989,3,7.7,15.9,24.2
1989-04,1989,4,12,20.3,28.7
1989-05,1989,5,13.4,22,30.7
1989-06,1989,6,18.1,26.4,34.7
1989-07,1989,7,21.5,28.5,35.6
1989-08,1989,8,19.2,25.5,31.8
1989-09,1989,9,17.3,24.8,32.3
1989-10,1989,10,11.7,18.8,25.9
1989-11,1989,11,6.7,14.1,21.5
1989-12,1989,12,2.4,9.6,16.9
1990-01,1990,1,1.1,8.5,16
1990-02,1990,2,0.8,8.2,15.6
1990-03,1990,3,6,13.5,21
1990-04,1990,4,9.4,17.1,24.8
1990-05,1990,5,11.9,20.1,28.3
1990-06,1990,6,19.5,27.6,35.6
1990-07,1990,7,19.1,25.5,31.8
1990-08,1990,8,16.9,22.9,28.9
1990-09,1990,9,16.3,22.9,29.5
1990-10,1990,10,11.2,18.9,26.5
1990-11,1990,11,6,13.4,20.9
1990-12,1990,12,1.4,8.2,15
1991-01,1991,1,1.4,8,14.6
1991-02,1991,2,5.3,12.4,19.6
1991-03,1991,3,2.9,9.9,17
1991-04,1991,4,7.1,15.3,23.4
1991-05,1991,5,10.9,19.5,28.1
1991-06,1991,6,14.6,23.6,32.5
1991-07,1991,7,19.2,26.2,33.2
1991-08,1991,8,18.9,25.2,31.5
1991-09,1991,9,16.2,23.1,29.9
1991-10,1991,10,13.2,20.6,28
1991-11,1991,11,5.5,12.6,19.7
1991-12,1991,12,3,8.6,14.1
1992-01,1992,1,1.4,7.4,13.4
1992-02,1992,2,4.2,10.5,16.8
1992-03,1992,3,5.1,11.9,18.7
1992-04,1992,4,9.9,17.5,25.2
1992-05,1992,5,13.6,20.8,28
1992-06,1992,6,17.2,25.3,33.5
1992-07,1992,7,19.9,26.5,33
1992-08,1992,8,19.7,25.5,31.3
1992-09,1992,9,18,24.7,31.4
1992-10,1992,10,12.9,20.5,28.1
1992-11,1992,11,3.4,10.9,18.4
1992-12,1992,12,2.2,8.2,14.3
1993-01,1993,1,4.1,9.6,15.2
1993-02,1993,2,2.8,9.2,15.7
1993-03,1993,3,5.9,13.1,20.3
1993-04,1993,4,9.2,17,24.9
1993-05,1993,5,14,21.7,29.4
1993-06,1993,6,17.7,26,34.3
1993-07,1993,7,19.6,26,32.5
1993-08,1993,8,19.4,25.5,31.7
1993-09,1993,9,16.5,23.4,30.3
1993-10,1993,10,12.6,19.2,25.8
1993-11,1993,11,5,12.1,19.1
1993-12,1993,12,3.1,9.8,16.6
1994-01,1994,1,2.9,10.2,17.5
1994-02,1994,2,2.2,9.5,16.8
1994-03,1994,3,6.4,13.5,20.5
1994-04,1994,4,9.7,17.2,24.7
1994-05,1994,5,12.2,20.4,28.5
1994-06,1994,6,20.5,28,35.6
1994-07,1994,7,21.2,28.2,35.2
1994-08,1994,8,20.5,27.3,34
1994-09,1994,9,18.1,24.4,30.8
1994-10,1994,10,10.9,17.9,24.9
1994-11,1994,11,4.6,11.4,18.2
1994-12,1994,12,3.5,9.6,15.6
1995-01,1995,1,3,8.9,14.9
1995-02,1995,2,6.4,12.9,19.3
1995-03,1995,3,6,13.1,20.2
1995-04,1995,4,6.8,14.8,22.9
1995-05,1995,5,11.7,19.2,26.7
1995-06,1995,6,16.2,24.6,33
1995-07,1995,7,21.1,28.1,35.2
1995-08,1995,8,20.8,27.2,33.6
1995-09,1995,9,18.9,25.4,31.9
1995-10,1995,10,12.9,21,29
1995-11,1995,11,8.6,15.6,22.6
1995-12,1995,12,4,10.8,17.5
1996-01,1996,1,3,10.7,18.4
1996-02,1996,2,6.8,13.3,19.8
1996-03,1996,3,6.1,13.6,21.1
1996-04,1996,4,10.1,18.1,26.2
1996-05,1996,5,15.4,23.7,32.1
1996-06,1996,6,19.8,27.8,35.7
1996-07,1996,7,20.9,27.7,34.4
1996-08,1996,8,19.7,26.3,32.9
1996-09,1996,9,16.3,22.3,28.4
1996-10,1996,10,12.1,19.1,26.1
1996-11,1996,11,7.6,14.4,21.2
1996-12,1996,12,2.7,10.2,17.6
1997-01,1997,1,3.3,9,14.8
1997-02,1997,2,2.8,10.5,18.2
1997-03,1997,3,8.4,15.9,23.4
1997-04,1997,4,8.6,16,23.3
1997-05,1997,5,14.8,23,31.1
1997-06,1997,6,17.6,25.7,33.8
1997-07,1997,7,20.6,27.8,35.1
1997-08,1997,8,20.2,26.3,32.5
1997-09,1997,9,19.2,25.3,31.5
1997-10,1997,10,10.9,18.4,25.9
1997-11,1997,11,7.2,14.4,21.6
1997-12,1997,12,1.5,7,12.5
1998-01,1998,1,2.7,9.8,16.9
1998-02,1998,2,1.8,7.9,14
1998-03,1998,3,5.1,11.9,18.7
1998-04,1998,4,5.7,13.6,21.4
1998-05,1998,5,11.9,20.1,28.4
1998-06,1998,6,16.7,25,33.4
1998-07,1998,7,20.7,27.1,33.5
1998-08,1998,8,20.5,26.7,32.9
1998-09,1998,9,18.7,25.4,32.1
1998-10,1998,10,12.4,20,27.5
1998-11,1998,11,6.7,14.3,21.9
1998-12,1998,12,2.1,9.3,16.5
1999-01,1999,1,3.9,11.3,18.8
1999-02,1999,2,4.4,12.7,20.9
1999-03,1999,3,5.8,14.5,23.1
1999-04,1999,4,7.1,15,22.9
1999-05,1999,5,12.3,20.7,29.1
1999-06,1999,6,17.1,25.2,33.3
1999-07,1999,7,18.9,25.2,31.5
1999-08,1999,8,18.9,25.3,31.7
1999-09,1999,9,17.5,24.3,31.1
1999-10,1999,10,14,21.5,29
1999-11,1999,11,8.7,17,25.2
1999-12,1999,12,2.5,9.7,16.9
2000-01,2000,1,4.7,12.1,19.4
2000-02,2000,2,5.3,12.9,20.6
2000-03,2000,3,5.2,13,20.8
2000-04,2000,4,10.9,19.2,27.6
2000-05,2000,5,15.2,23.9,32.7
2000-06,2000,6,18.6,26,33.5
2000-07,2000,7,20.2,27,33.7
2000-08,2000,8,18.7,25.2,31.8
2000-09,2000,9,18.4,25.6,32.7
2000-10,2000,10,11.2,17.5,23.8
2000-11,2000,11,2.5,9.2,15.8
2000-12,2000,12,4.1,11.5,18.8
2001-01,2001,1,1.2,7.4,13.6
2001-02,2001,2,1.9,9.2,16.6
2001-03,2001,3,4.9,12.7,20.5
2001-04,2001,4,6.9,15.8,24.7
2001-05,2001,5,13.4,22.2,30.9
2001-06,2001,6,17.9,26.2,34.5
2001-07,2001,7,19.6,25.8,32
2001-08,2001,8,19.5,26,32.4
2001-09,2001,9,18.9,25.8,32.6
2001-10,2001,10,12.7,20.2,27.6
2001-11,2001,11,8,15.1,22.1
2001-12,2001,12,0.6,8.1,15.6
2002-01,2002,1,2.2,9.7,17.1
2002-02,2002,2,4.1,11.7,19.2
2002-03,2002,3,4.6,13,21.4
2002-04,2002,4,9.6,18.6,27.7
2002-05,2002,5,13,21.8,30.6
2002-06,2002,6,20,28.3,36.6
2002-07,2002,7,20.4,27.4,34.4
2002-08,2002,8,19.9,26.4,32.9
2002-09,2002,9,18.5,25,31.4
2002-10,2002,10,10.9,18.2,25.4
2002-11,2002,11,7.4,14.8,22.2
2002-12,2002,12,2.4,8.6,14.9
2003-01,2003,1,5.4,13,20.5
2003-02,2003,2,3.9,10.6,17.2
2003-03,2003,3,5,12.3,19.6
2003-04,2003,4,7.4,16.1,24.8
2003-05,2003,5,13.7,22.3,30.8
2003-06,2003,6,18.2,26.5,34.7
2003-07,2003,7,20.9,28.6,36.3
2003-08,2003,8,19.6,26.3,33
2003-09,2003,9,18.4,25.2,31.9
2003-10,2003,10,14.9,21.9,28.8
2003-11,2003,11,6.2,13.2,20.2
2003-12,2003,12,3.1,10.7,18.3
2004-01,2004,1,2.9,9.3,15.7
2004-02,2004,2,1.5,8.5,15.5
2004-03,2004,3,9.6,16.5,23.5
2004-04,2004,4,9,16.1,23.1
2004-05,2004,5,14.5,22.3,30
2004-06,2004,6,18.2,26.2,34.1
2004-07,2004,7,19.4,26.2,33
2004-08,2004,8,19.2,25.6,32.1
2004-09,2004,9,17.2,24.2,31.3
2004-10,2004,10,11.2,18.3,25.4
2004-11,2004,11,4.3,10.9,17.4
2004-12,2004,12,3.3,9.8,16.3
2005-01,2005,1,4.1,10.6,17
2005-02,2005,2,4.5,10.1,15.7
2005-03,2005,3,5.1,12.2,19.3
2005-04,2005,4,8.9,16.9,24.9
2005-05,2005,5,13.4,21.8,30.2
2005-06,2005,6,18,26,34
2005-07,2005,7,20.8,28.3,35.8
2005-08,2005,8,18.6,24.7,30.9
2005-09,2005,9,18.7,25.4,32.1
2005-10,2005,10,11.9,19.5,27.1
2005-11,2005,11,6.3,14.8,23.3
2005-12,2005,12,2.3,10.9,19.5
2006-01,2006,1,3.8,11.6,19.4
2006-02,2006,2,3.4,12,20.6
2006-03,2006,3,5,12.1,19.1
2006-04,2006,4,8.6,17.1,25.7
2006-05,2006,5,14.3,22.9,31.5
2006-06,2006,6,19.7,27.6,35.4
2006-07,2006,7,20.8,27.4,34.1
2006-08,2006,8,19,24.7,30.4
2006-09,2006,9,15.6,22,28.4
2006-10,2006,10,10.8,18.4,26
2006-11,2006,11,6.4,15.2,24
2006-12,2006,12,0.8,8.5,16.3
2007-01,2007,1,0.1,6.9,13.7
2007-02,2007,2,2.8,10.5,18.2
2007-03,2007,3,6.6,14.5,22.5
2007-04,2007,4,8.7,16.7,24.8
2007-05,2007,5,13.6,22,30.4
2007-06,2007,6,18.1,26.5,34.9
2007-07,2007,7,20.5,27.1,33.6
2007-08,2007,8,19.8,25.8,31.9
2007-09,2007,9,17.5,24.2,30.9
2007-10,2007,10,12.6,19.9,27.1
2007-11,2007,11,10,16.8,23.6
2007-12,2007,12,1.2,8.1,15
2008-01,2008,1,2.1,8.8,15.6
2008-02,2008,2,2.5,10.4,18.3
2008-03,2008,3,4.8,13.4,22
2008-04,2008,4,8.1,16.7,25.4
2008-05,2008,5,11.2,19.5,27.7
2008-06,2008,6,18.1,26.8,35.5
2008-07,2008,7,19.6,25.6,31.6
2008-08,2008,8,18.9,25.3,31.6
2008-09,2008,9,16.5,23.6,30.6
2008-10,2008,10,11.6,19.8,27.9
2008-11,2008,11,7.7,15.1,22.4
2008-12,2008,12,3,10.1,17.2
2009-01,2009,1,3.4,11.2,19
2009-02,2009,2,3.3,11.8,20.4
2009-03,2009,3,6,14.6,23.3
2009-04,2009,4,7.7,16,24.2
2009-05,2009,5,15.7,23.3,30.9
2009-06,2009,6,16.6,24.3,32
2009-07,2009,7,20.5,27.3,34.1
2009-08,2009,8,19.5,27.1,34.7
2009-09,2009,9,18.6,25.2,31.8
2009-10,2009,10,11.3,18.5,25.7
2009-11,2009,11,7.5,15.6,23.6
2009-12,2009,12,1.5,8.4,15.3
2010-01,2010,1,3.5,10.2,16.8
2010-02,2010,2,3,9.4,15.9
2010-03,2010,3,5,12.1,19.1
2010-04,2010,4,7.8,15.6,23.3
2010-05,2010,5,10.5,19.4,28.4
2010-06,2010,6,17.6,26.1,34.7
2010-07,2010,7,21.1,27.5,34
2010-08,2010,8,19.7,26.2,32.7
2010-09,2010,9,17.7,25,32.3
2010-10,2010,10,12.3,19.6,27
2010-11,2010,11,4.5,12.5,20.4
2010-12,2010,12,4.4,12.2,19.9
2011-01,2011,1,0.9,9.1,17.3
2011-02,2011,2,0.7,8.7,16.8
2011-03,2011,3,6.3,15.1,23.9
2011-04,2011,4,9.9,18.1,26.3
2011-05,2011,5,11.7,20,28.2
2011-06,2011,6,17.3,26.7,36.1
2011-07,2011,7,20.2,27.1,33.9
2011-08,2011,8,20.9,27.4,33.9
2011-09,2011,9,17.4,24.9,32.3
2011-10,2011,10,12.2,20.2,28.3
2011-11,2011,11,6,12.8,19.5
2011-12,2011,12,1.1,7.6,14
2012-01,2012,1,2.9,11,19.1
2012-02,2012,2,2.9,10.7,18.5
2012-03,2012,3,4.2,12.9,21.7
2012-04,2012,4,9.4,18,26.6
2012-05,2012,5,13.5,22.4,31.3
2012-06,2012,6,18.5,27.2,35.9
2012-07,2012,7,20,26.1,32.2
2012-08,2012,8,19.8,26.6,33.3
2012-09,2012,9,17.3,23.7,30.2
2012-10,2012,10,11.7,20.2,28.6
2012-11,2012,11,7.9,15.8,23.6
2012-12,2012,12,2.4,9.8,17.3
2013-01,2013,1,0.5,7.4,14.3
2013-02,2013,2,0.9,8.1,15.3
2013-03,2013,3,7.5,15.5,23.4
2013-04,2013,4,9.2,17.3,25.4
2013-05,2013,5,13.8,21.9,29.9
2013-06,2013,6,19.4,27.9,36.4
2013-07,2013,7,20.6,26.6,32.6
2013-08,2013,8,19.7,26.2,32.6
2013-09,2013,9,17.2,24,30.8
2013-10,2013,10,10,18.3,26.6
2013-11,2013,11,7.1,14.2,21.3
2013-12,2013,12,2.7,9.6,16.4
2014-01,2014,1,3.4,11.6,19.9
2014-02,2014,2,5.4,13.3,21.1
2014-03,2014,3,7,14.7,22.3
2014-04,2014,4,8.9,17.2,25.4
2014-05,2014,5,13.3,21.7,30.1
2014-06,2014,6,19.4,27.7,35.9
2014-07,2014,7,20.4,27,33.6
2014-08,2014,8,18.5,24.8,31.1
2014-09,2014,9,18.1,23.9,29.8
2014-10,2014,10,13.1,20.5,27.9
2014-11,2014,11,6.4,13.9,21.4
2014-12,2014,12,3.5,10.3,17.2
2015-01,2015,1,3.4,10.1,16.8
2015-02,2015,2,6.4,13.7,21
2015-03,2015,3,8.2,15.4,22.6
2015-04,2015,4,8.7,16.6,24.5
2015-05,2015,5,10.9,18.8,26.8
2015-06,2015,6,19.4,27.3,35.2
2015-07,2015,7,19.8,26,32.1
2015-08,2015,8,19.9,26.9,33.8
2015-09,2015,9,18,24.1,30.2
2015-10,2015,10,13.9,20,26.2
2015-11,2015,11,4.9,12.7,20.4
2015-12,2015,12,1.2,8.7,16.3
2016-01,2016,1,1.4,8.9,16.3
2016-02,2016,2,4.4,13.3,22.2
2016-03,2016,3,6.8,15.4,23.9
2016-04,2016,4,8,16.2,24.4
2016-05,2016,5,11.7,20,28.3
2016-06,2016,6,19.4,27.3,35.3
2016-07,2016,7,20.9,27.9,34.9
2016-08,2016,8,18.2,24.8,31.4
2016-09,2016,9,16,22.9,29.9
2016-10,2016,10,13.4,21.7,30.1
2016-11,2016,11,7.7,15.1,22.5
2016-12,2016,12,3.7,11,18.3
2017-01,2017,1,2.7,9.1,15.5
2017-02,2017,2,4.8,12.5,20.2
2017-03,2017,3,7.9,16.6,25.4
2017-04,2017,4,8.9,17.9,26.8
2017-05,2017,5,12.2,20.7,29.2
2017-06,2017,6,19,27.9,36.9
2017-07,2017,7,20,26.5,32.9
2017-08,2017,8,18.7,25.6,32.6
2017-09,2017,9,16.6,24.1,31.7
2017-10,2017,10,13.7,22.2,30.7
2017-11,2017,11,9.8,18,26.3
2017-12,2017,12,4.5,11.7,18.9
2018-01,2018,1,4.2,12.2,20.2
2018-02,2018,2,4.5,11.7,19
2018-03,2018,3,6.1,14,21.9
2018-04,2018,4,10.7,19.4,28.1
2018-05,2018,5,13.3,22.2,31.2
2018-06,2018,6,18,26.8,35.6
2018-07,2018,7,20.6,27.3,34
2018-08,2018,8,19.8,26.3,32.7
2018-09,2018,9,18.4,25.4,32.4
2018-10,2018,10,11.9,18,24
2018-11,2018,11,5,12.9,20.7
2018-12,2018,12,2.7,9.4,16.2
2019-01,2019,1,2,9.3,16.5
2019-02,2019,2,1.7,8.2,14.6
2019-03,2019,3,6,13.7,21.4
2019-04,2019,4,8.7,17,25.3
2019-05,2019,5,9.4,17.6,25.8
2019-06,2019,6,16.8,25.6,34.3
2019-07,2019,7,20.4,28,35.6
2019-08,2019,8,20,27.1,34.2
2019-09,2019,9,17.4,24,30.7
2019-10,2019,10,10.6,18.9,27.2
2019-11,2019,11,8.3,14.9,21.4
2019-12,2019,12,2.6,9.3,16.1
2020-01,2020,1,2.4,10,17.6
2020-02,2020,2,2.5,10,17.6
